ts_code,name,market,publisher,category,base_date,base_point,list_date
398001.SZ,湾创100,SZSE,深交所,主题指数,20170630,1000.0,20190409
398002.SZ,南山50,SZSE,深交所,主题指数,20121231,1000.0,20191231
398003.SZ,国证芯片,SZSE,深交所,二级行业指数,20021231,1000.0,20150217
399001.SZ,深证成指,SZSE,深交所,规模指数,19940720,1000.0,19950123
399002.SZ,深成指R,SZSE,深交所,规模指数,19940720,1000.0,19950123
399003.SZ,深成B指,SZSE,深交所,规模指数,19940720,1000.0,19950123
399004.SZ,深证100R,SZSE,深交所,规模指数,20021231,1000.0,20030102
399005.SZ,中小板指,SZSE,深交所,规模指数,20050607,1000.0,20060124
399006.SZ,创业板指,SZSE,深交所,规模指数,20100531,1000.0,20100601
399007.SZ,深证300,SZSE,深交所,规模指数,20041231,1000.0,20091104
399008.SZ,中小300,SZSE,深交所,规模指数,20100319,1000.0,20100322
399009.SZ,深证200,SZSE,深交所,规模指数,20041231,1000.0,20110901
399010.SZ,深证700,SZSE,深交所,规模指数,20041231,1000.0,20110901
399011.SZ,深证1000,SZSE,深交所,规模指数,20041231,1000.0,20110901
399012.SZ,创业300,SZSE,深交所,规模指数,20120629,1000.0,20130107
399013.SZ,深市精选,SZSE,深交所,主题指数,20041231,1000.0,20140530
399015.SZ,中小创新,SZSE,深交所,规模指数,20111230,1000.0,20150324
399016.SZ,深证创新,SZSE,深交所,主题指数,20121231,1000.0,20161201
399017.SZ,SME创新,SZSE,深交所,主题指数,20121231,1000.0,20161201
399018.SZ,创业创新,SZSE,深交所,主题指数,20121231,1000.0,20161201
399050.SZ,创新引擎,SZSE,深交所,主题指数,20121231,1000.0,20180731
399088.SZ,深创100,SZSE,深交所,主题指数,20121231,1000.0,20200218
399100.SZ,深证新综指,SZSE,深交所,综合指数,20051230,1107.23,20060216
399101.SZ,中小板综,SZSE,深交所,综合指数,20050607,1000.0,20051201
399102.SZ,创业板综,SZSE,深交所,综合指数,20100531,1000.0,20100820
399103.SZ,乐富指数,SZSE,深交所,其他,20041231,1000.0,20111202
399106.SZ,深证综指,SZSE,深交所,综合指数,19910403,100.0,19910404
399107.SZ,深证A指,SZSE,深交所,综合指数,19910403,100.0,19921004
399108.SZ,深证B指,SZSE,深交所,综合指数,19920228,100.0,19921006
399110.SZ,农林牧渔指数,SZSE,深交所,综合指数,19910403,100.0,20010702
399120.SZ,采掘业指数,SZSE,深交所,综合指数,19910403,100.0,20010702
399130.SZ,制造业指数,SZSE,深交所,综合指数,19910403,100.0,20010702
399131.SZ,食品饮料指数,SZSE,深交所,综合指数,19910403,100.0,20010702
399132.SZ,纺织服装指数,SZSE,深交所,综合指数,19910403,100.0,20010702
399133.SZ,木材家具指数,SZSE,深交所,综合指数,19910403,100.0,20010702
399134.SZ,造纸印刷指数,SZSE,深交所,综合指数,19910403,100.0,20010702
399135.SZ,石化塑胶指数,SZSE,深交所,综合指数,19910403,100.0,20010702
399136.SZ,电子指数,SZSE,深交所,综合指数,19910403,100.0,20010702
399137.SZ,金属非金属指数,SZSE,深交所,综合指数,19910403,100.0,20010702
399138.SZ,机械设备指数,SZSE,深交所,综合指数,19910403,100.0,20010702
399139.SZ,医药生物指数,SZSE,深交所,综合指数,19910403,100.0,20010702
399140.SZ,水电煤气指数,SZSE,深交所,综合指数,19910403,100.0,20010702
399150.SZ,建筑业指数,SZSE,深交所,综合指数,19910403,100.0,20010702
399160.SZ,运输仓储指数,SZSE,深交所,综合指数,19910403,100.0,20010702
399170.SZ,信息技术指数,SZSE,深交所,综合指数,19910403,100.0,20010702
399180.SZ,批发零售指数,SZSE,深交所,综合指数,19910403,100.0,20010702
399190.SZ,金融保险指数,SZSE,深交所,综合指数,19910403,100.0,20010702
399200.SZ,房地产业指数,SZSE,深交所,综合指数,19910403,100.0,20010702
399210.SZ,社会服务指数,SZSE,深交所,综合指数,19910403,100.0,20010702
399220.SZ,传播文化指数,SZSE,深交所,综合指数,19910403,100.0,20010702
399230.SZ,综合类指数,SZSE,深交所,综合指数,19910403,100.0,20010702
399231.SZ,农林指数,SZSE,深交所,综合指数,19910403,100.0,20130304
399232.SZ,采矿指数,SZSE,深交所,综合指数,19910403,100.0,20130304
399233.SZ,制造指数,SZSE,深交所,综合指数,19910403,100.0,20130304
399234.SZ,水电指数,SZSE,深交所,综合指数,19910403,100.0,20130304
399235.SZ,建筑指数,SZSE,深交所,综合指数,19910403,100.0,20130304
399236.SZ,批零指数,SZSE,深交所,综合指数,19910403,100.0,20130304
399237.SZ,运输指数,SZSE,深交所,综合指数,19910403,100.0,20130304
399238.SZ,餐饮指数,SZSE,深交所,综合指数,19910403,100.0,20130304
399239.SZ,IT指数,SZSE,深交所,综合指数,19910403,100.0,20130304
399240.SZ,金融指数,SZSE,深交所,综合指数,19910403,100.0,20130304
399241.SZ,地产指数,SZSE,深交所,综合指数,19910403,100.0,20130304
399242.SZ,商务指数,SZSE,深交所,综合指数,19910403,100.0,20130304
399243.SZ,科研指数,SZSE,深交所,综合指数,19910403,100.0,20130304
399244.SZ,公共指数,SZSE,深交所,综合指数,19910403,100.0,20130304
399248.SZ,文化指数,SZSE,深交所,综合指数,19910403,100.0,20130304
399249.SZ,综企指数,SZSE,深交所,综合指数,19910403,100.0,20130304
399277.SZ,公共健康,SZSE,深交所,主题指数,20121231,1000.0,20200508
399278.SZ,长江100,SZSE,深交所,主题指数,20121231,1000.0,20200508
399279.SZ,云科技50,SZSE,深交所,主题指数,20121231,1000.0,20200508
399280.SZ,生物50,SZSE,深交所,主题指数,20121231,1000.0,20200508
399281.SZ,电子50,SZSE,深交所,主题指数,20121231,1000.0,20200508
399282.SZ,大数据50,SZSE,深交所,主题指数,20121231,1000.0,20200218
399283.SZ,机器人50,SZSE,深交所,主题指数,20121231,1000.0,20200218
399284.SZ,AI 50,SZSE,深交所,主题指数,20121231,1000.0,20200218
399285.SZ,物联网50,SZSE,深交所,主题指数,20121231,1000.0,20200218
399286.SZ,区块链50,SZSE,深交所,主题指数,20121231,1000.0,20191224
399290.SZ,深转交债,SZSE,深交所,债券指数,20171229,100.0,20190606
399291.SZ,创精选88,SZSE,深交所,主题指数,20121231,1000.0,20191106
399292.SZ,民企发展,SZSE,深交所,主题指数,20140630,1000.0,20190305
399293.SZ,创业大盘,SZSE,深交所,规模指数,20121231,1000.0,20190418
399294.SZ,中小创Q,SZSE,深交所,价值指数,20021231,1000.0,20190606
399295.SZ,创业蓝筹,SZSE,深交所,主题指数,20121231,1000.0,20190123
399296.SZ,创成长,SZSE,深交所,主题指数,20121231,1000.0,20190123
399297.SZ,新浪100,SZSE,深交所,主题指数,20131231,1000.0,20171222
399298.SZ,深信中高,SZSE,深交所,债券指数,20081231,100.0,20140925
399299.SZ,深信中低,SZSE,深交所,债券指数,20081231,100.0,20140925
399300.SZ,沪深300,SZSE,中证公司,规模指数,20041231,1000.0,20050408
399301.SZ,深信用债,SZSE,深交所,债券指数,20081231,100.0,20130111
399302.SZ,深公司债,SZSE,深交所,债券指数,20081231,100.0,20130111
399303.SZ,国证2000,SZSE,深交所,规模指数,20091231,3326.4448,20140328
399305.SZ,深证基金指数,SZSE,深交所,其他,20000630,1000.0,20000703
399306.SZ,深证ETF,SZSE,深交所,其他,20101231,1000.0,20111202
399307.SZ,深证转债,SZSE,深交所,债券指数,20111231,100.0,20140827
399310.SZ,国证A50,SZSE,深交所,规模指数,20021231,1000.0,20050905
399311.SZ,国证1000,SZSE,深交所,规模指数,20021231,1000.0,20050203
399312.SZ,国证300,SZSE,深交所,规模指数,20021231,1000.0,20050203
399313.SZ,巨潮100,SZSE,深交所,规模指数,20021231,1000.0,20050203
399314.SZ,巨潮大盘,SZSE,深交所,规模指数,20021231,1000.0,20050203
399315.SZ,巨潮中盘,SZSE,深交所,规模指数,20021231,1000.0,20050203
399316.SZ,巨潮小盘,SZSE,深交所,规模指数,20021231,1000.0,20050203
399317.SZ,国证A指,SZSE,深交所,综合指数,20021231,1000.0,20050203
399318.SZ,国证B指,SZSE,深交所,综合指数,20021231,1000.0,20050203
399319.SZ,资源优势,SZSE,深交所,主题指数,20041231,1000.0,20050104
399320.SZ,国证服务,SZSE,深交所,主题指数,20041231,1000.0,20050104
399321.SZ,国证红利,SZSE,深交所,主题指数,20041231,1000.0,20050104
399322.SZ,国证治理,SZSE,深交所,主题指数,20021231,1000.0,20051212
399324.SZ,深证红利,SZSE,深交所,主题指数,20021231,1000.0,20060124
399326.SZ,成长40,SZSE,深交所,主题指数,20021231,1000.0,20060124
399328.SZ,深证治理,SZSE,深交所,主题指数,20021231,1000.0,20060124
399329.SZ,中小板100指数P,SZSE,深交所,规模指数,20050607,1000.0,20060124
399330.SZ,深证100,SZSE,深交所,规模指数,20021231,1000.0,20060124
399332.SZ,深证创新(旧),SZSE,深交所,主题指数,20021231,1000.0,20060227
399333.SZ,中小板指R,SZSE,深交所,规模指数,20050607,1000.0,20061227
399335.SZ,深证央企,SZSE,深交所,主题指数,20041231,1000.0,20090803
399337.SZ,深证民营,SZSE,深交所,主题指数,20041231,1000.0,20090803
399339.SZ,深证科技,SZSE,深交所,主题指数,20041231,1000.0,20090803
399341.SZ,深证责任,SZSE,深交所,主题指数,20090630,1000.0,20090803
399344.SZ,深证300R,SZSE,深交所,规模指数,20041231,1000.0,20091104
399346.SZ,深证成长,SZSE,深交所,成长指数,20041231,1000.0,20091104
399348.SZ,深证价值,SZSE,深交所,价值指数,20041231,1000.0,20091104
399350.SZ,皖江30,SZSE,深交所,主题指数,20100630,1000.0,20121218
399351.SZ,创新示范,SZSE,深交所,主题指数,20040831,864.38,20040901
399352.SZ,深企综指,SZSE,深交所,主题指数,20040831,864.38,20050203
399353.SZ,国证物流,SZSE,深交所,主题指数,20021231,1000.0,20050301
399354.SZ,分析师指数,SZSE,深交所,策略指数,20060428,1231.15,20061125
399355.SZ,CBN长江,SZSE,深交所,主题指数,20021231,1000.0,20070702
399356.SZ,CBN珠江,SZSE,深交所,主题指数,20021231,1000.0,20070702
399357.SZ,CBN渤海,SZSE,深交所,主题指数,20021231,1000.0,20070702
399358.SZ,国证环保,SZSE,深交所,主题指数,20021231,1000.0,20080102
399359.SZ,国证基建,SZSE,深交所,主题指数,20041231,1000.0,20090803
399360.SZ,新硬件,SZSE,深交所,主题指数,20041231,1000.0,20090803
399361.SZ,在线消费,SZSE,深交所,主题指数,20041231,1000.0,20090803
399362.SZ,民企100,SZSE,深交所,主题指数,20041231,1000.0,20090803
399363.SZ,云科技,SZSE,深交所,主题指数,20041231,1000.0,20090803
399364.SZ,消费100,SZSE,深交所,主题指数,20041231,1000.0,20090803
399365.SZ,国证农业,SZSE,深交所,主题指数,20041231,1000.0,20091104
399366.SZ,国证大宗,SZSE,深交所,主题指数,20041231,1000.0,20091104
399367.SZ,1000地产,SZSE,深交所,行业指数,20041231,1000.0,20091104
399368.SZ,国证军工,SZSE,深交所,主题指数,20041231,1000.0,20091104
399369.SZ,国证责任,SZSE,深交所,主题指数,20090630,1000.0,20091104
399370.SZ,国证成长,SZSE,深交所,成长指数,20021231,1000.0,20100104
399371.SZ,国证价值,SZSE,深交所,价值指数,20021231,1000.0,20100104
399372.SZ,大盘成长,SZSE,深交所,成长指数,20021231,1000.0,20100104
399373.SZ,大盘价值,SZSE,深交所,价值指数,20021231,1000.0,20100104
399374.SZ,中盘成长,SZSE,深交所,成长指数,20021231,1000.0,20100104
399375.SZ,中盘价值,SZSE,深交所,价值指数,20021231,1000.0,20100104
399376.SZ,小盘成长,SZSE,深交所,成长指数,20021231,1000.0,20100104
399377.SZ,小盘价值,SZSE,深交所,价值指数,20021231,1000.0,20100104
399378.SZ,ESG 300,SZSE,深交所,主题指数,20100630,1000.0,20100920
399379.SZ,国证基金,SZSE,深交所,其他,20041231,1000.0,20111202
399380.SZ,国证ETF,SZSE,深交所,其他,20101231,1000.0,20111202
399381.SZ,1000能源,SZSE,深交所,一级行业指数,20021231,1000.0,20111202
399382.SZ,1000材料,SZSE,深交所,一级行业指数,20021231,1000.0,20111202
399383.SZ,1000工业,SZSE,深交所,一级行业指数,20021231,1000.0,20111202
399384.SZ,1000可选,SZSE,深交所,一级行业指数,20021231,1000.0,20111202
399385.SZ,1000消费,SZSE,深交所,一级行业指数,20021231,1000.0,20111202
399386.SZ,1000医药,SZSE,深交所,一级行业指数,20021231,1000.0,20111202
399387.SZ,1000金融,SZSE,深交所,一级行业指数,20021231,1000.0,20111202
399388.SZ,1000信息,SZSE,深交所,一级行业指数,20021231,1000.0,20111202
399389.SZ,国证通信,SZSE,深交所,主题指数,20021231,1000.0,20111202
399390.SZ,1000公用,SZSE,深交所,一级行业指数,20021231,1000.0,20111202
399391.SZ,投资时钟,SZSE,深交所,主题指数,20061229,1000.0,20120326
399392.SZ,国证新兴,SZSE,深交所,主题指数,20090630,1000.0,20120328
399393.SZ,国证地产,SZSE,深交所,主题指数,20041231,1000.0,20120820
399394.SZ,国证医药,SZSE,深交所,主题指数,20041231,1000.0,20121029
399395.SZ,国证有色,SZSE,深交所,主题指数,20041231,1000.0,20121029
399396.SZ,国证食品,SZSE,深交所,主题指数,20041231,1000.0,20121029
399397.SZ,国证文化,SZSE,深交所,主题指数,20090630,1000.0,20121109
399398.SZ,绩效指数,SZSE,深交所,主题指数,20021231,1000.0,20121119
399399.SZ,中经GDP,SZSE,深交所,主题指数,20050630,1000.0,20121123
399400.SZ,大中盘,SZSE,深交所,规模指数,20021231,1000.0,20130320
399401.SZ,中小盘,SZSE,深交所,规模指数,20021231,1000.0,20130320
399402.SZ,周期100,SZSE,深交所,主题指数,20041231,1000.0,20131028
399403.SZ,防御100,SZSE,深交所,主题指数,20041231,1000.0,20131028
399404.SZ,大盘低波,SZSE,深交所,策略指数,20041231,1000.0,20131205
399405.SZ,大盘高贝,SZSE,深交所,策略指数,20041231,1000.0,20131205
399406.SZ,中盘低波,SZSE,深交所,策略指数,20041231,1000.0,20131205
399407.SZ,中盘高贝,SZSE,深交所,策略指数,20041231,1000.0,20131205
399408.SZ,小盘低波,SZSE,深交所,策略指数,20041231,1000.0,20131205
399409.SZ,小盘高贝,SZSE,深交所,策略指数,20041231,1000.0,20131205
399410.SZ,苏州率先,SZSE,深交所,主题指数,20111230,1000.0,20131212
399411.SZ,红利100,SZSE,深交所,策略指数,20081231,1000.0,20140410
399412.SZ,国证新能,SZSE,深交所,主题指数,20100630,1000.0,20140516
399413.SZ,国证转债,SZSE,深交所,债券指数,20111231,100.0,20140827
399415.SZ,I100,SZSE,深交所,主题指数,20100129,1000.0,20140912
399416.SZ,I300,SZSE,深交所,主题指数,20100129,1000.0,20140912
399417.SZ,新能源车,SZSE,深交所,主题指数,20100630,1000.0,20140924
399418.SZ,国证国安,SZSE,深交所,主题指数,20081231,1000.0,20141121
399419.SZ,国证高铁,SZSE,深交所,主题指数,20100630,1000.0,20141210
399420.SZ,国证保证,SZSE,深交所,主题指数,20100630,1000.0,20141210
399422.SZ,中关村A,SZSE,深交所,主题指数,20081231,1000.0,20161221
399423.SZ,中关村50,SZSE,深交所,主题指数,20081231,1000.0,20150205
399427.SZ,专利领先,SZSE,深交所,策略指数,20090630,1000.0,20150217
399428.SZ,国证定增,SZSE,深交所,主题指数,20121231,1000.0,20150217
399429.SZ,新丝路,SZSE,深交所,主题指数,20111230,1000.0,20150108
399431.SZ,国证银行,SZSE,深交所,一级行业指数,20021231,1000.0,20141230
399432.SZ,智能汽车,SZSE,深交所,一级行业指数,20021231,1000.0,20141230
399433.SZ,国证交运,SZSE,深交所,一级行业指数,20021231,1000.0,20141230
399434.SZ,国证传媒,SZSE,深交所,一级行业指数,20021231,1000.0,20141230
399435.SZ,国证农牧,SZSE,深交所,一级行业指数,20021231,1000.0,20141230
399436.SZ,国证煤炭,SZSE,深交所,一级行业指数,20021231,1000.0,20141230
399437.SZ,证券龙头,SZSE,深交所,一级行业指数,20021231,1000.0,20141230
399438.SZ,国证电力,SZSE,深交所,一级行业指数,20021231,1000.0,20141230
399439.SZ,国证油气,SZSE,深交所,一级行业指数,20021231,1000.0,20141230
399440.SZ,国证钢铁,SZSE,深交所,一级行业指数,20021231,1000.0,20141230
399441.SZ,生物医药,SZSE,深交所,主题指数,20091231,1000.0,20150120
399481.SZ,企债指数,SZSE,深交所,债券指数,20021231,100.0,20030102
399550.SZ,央视50,SZSE,深交所,主题指数,20100630,2563.07,20120606
399551.SZ,央视创新,SZSE,深交所,主题指数,20100630,2563.07,20130606
399552.SZ,央视成长,SZSE,深交所,主题指数,20100630,2563.07,20130606
399553.SZ,央视回报,SZSE,深交所,主题指数,20100630,2563.07,20130606
399554.SZ,央视治理,SZSE,深交所,主题指数,20100630,2563.07,20130606
399555.SZ,央视责任,SZSE,深交所,主题指数,20100630,2563.07,20130606
399556.SZ,央视生态,SZSE,深交所,主题指数,20100630,1000.0,20140606
399557.SZ,央视文化,SZSE,深交所,主题指数,20100630,1000.0,20140606
399602.SZ,中小成长,SZSE,深交所,成长指数,20100319,1000.0,20100524
399604.SZ,中小价值,SZSE,深交所,价值指数,20100319,1000.0,20100524
399606.SZ,创业板指R,SZSE,深交所,规模指数,20100531,1000.0,20100601
399608.SZ,科技100,SZSE,深交所,主题指数,20070629,1000.0,20101018
399610.SZ,TMT50,SZSE,深交所,主题指数,20041231,1000.0,20101108
399611.SZ,中创100R,SZSE,深交所,规模指数,20070629,1000.0,20110228
399612.SZ,中创100,SZSE,深交所,规模指数,20070629,1000.0,20110228
399613.SZ,深证能源,SZSE,深交所,一级行业指数,20041231,1000.0,20110615
399614.SZ,深证材料,SZSE,深交所,一级行业指数,20041231,1000.0,20110615
399615.SZ,深证工业,SZSE,深交所,一级行业指数,20041231,1000.0,20110615
399616.SZ,深证可选,SZSE,深交所,一级行业指数,20041231,1000.0,20110615
399617.SZ,深证消费,SZSE,深交所,一级行业指数,20041231,1000.0,20110615
399618.SZ,深证医药,SZSE,深交所,一级行业指数,20041231,1000.0,20110615
399619.SZ,深证金融,SZSE,深交所,一级行业指数,20041231,1000.0,20110615
399620.SZ,深证信息,SZSE,深交所,一级行业指数,20041231,1000.0,20110615
399621.SZ,深证电信,SZSE,深交所,一级行业指数,20041231,1000.0,20110615
399622.SZ,深证公用,SZSE,深交所,一级行业指数,20041231,1000.0,20110615
399623.SZ,中小基础,SZSE,深交所,规模指数,20051230,1000.0,20110725
399624.SZ,中创400,SZSE,深交所,规模指数,20100630,1000.0,20110815
399625.SZ,中创500,SZSE,深交所,规模指数,20100630,1000.0,20110815
399626.SZ,中创500成长,SZSE,深交所,成长指数,20100630,1000.0,20110815
399627.SZ,中创500价值,SZSE,深交所,价值指数,20100630,1000.0,20110815
399628.SZ,700成长,SZSE,深交所,成长指数,20100630,1000.0,20110901
399629.SZ,700价值,SZSE,深交所,价值指数,20100630,1000.0,20110901
399630.SZ,1000成长,SZSE,深交所,成长指数,20100630,1000.0,20110901
399631.SZ,1000价值,SZSE,深交所,价值指数,20100630,1000.0,20110901
399632.SZ,深100EW,SZSE,深交所,策略指数,20021231,1000.0,20111028
399633.SZ,深300EW,SZSE,深交所,策略指数,20041231,1000.0,20111028
399634.SZ,中小板EW,SZSE,深交所,策略指数,20061229,1000.0,20111028
399635.SZ,创业板EW,SZSE,深交所,策略指数,20100930,1000.0,20111028
399636.SZ,深证装备,SZSE,深交所,主题指数,20041231,1000.0,20111115
399637.SZ,深证地产,SZSE,深交所,主题指数,20041231,1000.0,20111115
399638.SZ,深证环保,SZSE,深交所,主题指数,20041231,1000.0,20111115
399639.SZ,深证大宗,SZSE,深交所,主题指数,20041231,1000.0,20111115
399640.SZ,创业基础,SZSE,深交所,规模指数,20101231,1000.0,20120116
399641.SZ,深证新兴,SZSE,深交所,主题指数,20100630,1000.0,20120201
399642.SZ,中小新兴,SZSE,深交所,主题指数,20100630,1000.0,20120201
399643.SZ,创业新兴,SZSE,深交所,主题指数,20100630,1000.0,20120201
399644.SZ,深证时钟,SZSE,深交所,主题指数,20061229,1000.0,20120326
399645.SZ,100低波,SZSE,深交所,策略指数,20041231,1000.0,20120612
399646.SZ,深消费50,SZSE,深交所,主题指数,20041231,1000.0,20120806
399647.SZ,深医药50,SZSE,深交所,主题指数,20041231,1000.0,20120806
399648.SZ,深证GDP100,SZSE,深交所,主题指数,20050630,1000.0,20120808
399649.SZ,中小板红利,SZSE,深交所,主题指数,20090630,1000.0,20120820
399650.SZ,中小板治理,SZSE,深交所,主题指数,20090630,1000.0,20120820
399651.SZ,中小板责任,SZSE,深交所,主题指数,20090630,1000.0,20120820
399652.SZ,中创高新,SZSE,深交所,主题指数,20110630,1000.0,20120917
399653.SZ,深证龙头,SZSE,深交所,主题指数,20100630,1000.0,20120925
399654.SZ,深证文化,SZSE,深交所,主题指数,20090630,1000.0,20121109
399655.SZ,深证绩效,SZSE,深交所,策略指数,20021231,1000.0,20121119
399656.SZ,100绩效,SZSE,深交所,策略指数,20021231,1000.0,20121119
399657.SZ,300绩效,SZSE,深交所,策略指数,20041231,1000.0,20121119
399658.SZ,中小绩效,SZSE,深交所,策略指数,20061229,1000.0,20121119
399659.SZ,深成指EW,SZSE,深交所,策略指数,20021231,1000.0,20121123
399660.SZ,中创EW,SZSE,深交所,策略指数,20070629,1000.0,20121123
399661.SZ,深证低波,SZSE,深交所,策略指数,20061229,1000.0,20121220
399662.SZ,深证高贝,SZSE,深交所,策略指数,20061229,1000.0,20121220
399663.SZ,中小低波,SZSE,深交所,策略指数,20110630,1000.0,20121220
399664.SZ,中小高贝,SZSE,深交所,策略指数,20110630,1000.0,20121220
399665.SZ,中创低波,SZSE,深交所,策略指数,20110630,1000.0,20121220
399666.SZ,中创高贝,SZSE,深交所,策略指数,20110630,1000.0,20121220
399667.SZ,创业板G,SZSE,深交所,成长指数,20120629,1000.0,20130107
399668.SZ,创业板V,SZSE,深交所,价值指数,20120629,1000.0,20130107
399669.SZ,深证农业,SZSE,深交所,主题指数,20041231,1000.0,20130624
399670.SZ,深周期50,SZSE,深交所,主题指数,20041231,1000.0,20131028
399671.SZ,深防御50,SZSE,深交所,主题指数,20041231,1000.0,20131028
399672.SZ,深红利50,SZSE,深交所,策略指数,20081231,1000.0,20140410
399673.SZ,创业板50,SZSE,深交所,策略指数,20100531,1000.0,20140618
399674.SZ,深A医药,SZSE,深交所,一级行业指数,20100630,1000.0,20150608
399675.SZ,深互联网,SZSE,深交所,二级行业指数,20100630,1000.0,20150608
399676.SZ,深医药EW,SZSE,深交所,策略指数,20100630,1000.0,20150608
399677.SZ,深互联EW,SZSE,深交所,策略指数,20100630,1000.0,20150608
399678.SZ,深次新股,SZSE,深交所,主题指数,20101231,1000.0,20150618
399679.SZ,深证200R,SZSE,深交所,规模指数,20041231,1000.0,20150618
399680.SZ,深成能源,SZSE,深交所,一级行业指数,20100630,1000.0,20150831
399681.SZ,深成材料,SZSE,深交所,一级行业指数,20100630,1000.0,20150831
399682.SZ,深成工业,SZSE,深交所,一级行业指数,20100630,1000.0,20150831
399683.SZ,深成可选,SZSE,深交所,一级行业指数,20100630,1000.0,20150831
399684.SZ,深成消费,SZSE,深交所,一级行业指数,20100630,1000.0,20150831
399685.SZ,深成医药,SZSE,深交所,一级行业指数,20100630,1000.0,20150831
399686.SZ,深成金融,SZSE,深交所,一级行业指数,20100630,1000.0,20150831
399687.SZ,深成信息,SZSE,深交所,一级行业指数,20100630,1000.0,20150831
399688.SZ,深成电信,SZSE,深交所,一级行业指数,20100630,1000.0,20150831
399689.SZ,深成公用,SZSE,深交所,一级行业指数,20100630,1000.0,20150831
399690.SZ,中小专利,SZSE,深交所,策略指数,20120330,1000.0,20160523
399691.SZ,创业专利,SZSE,深交所,策略指数,20120330,1000.0,20160523
399692.SZ,创业低波,SZSE,深交所,策略指数,20130628,1000.0,20161220
399693.SZ,安防产业,SZSE,深交所,主题指数,20120629,1000.0,20160620
399694.SZ,创业高贝,SZSE,深交所,策略指数,20130628,1000.0,20161220
399695.SZ,深证节能,SZSE,深交所,主题指数,20100630,1000.0,20170428
399696.SZ,深证创投,SZSE,深交所,主题指数,20100630,1000.0,20161021
399697.SZ,中关村60,SZSE,深交所,主题指数,20081231,1000.0,20170110
399698.SZ,优势成长,SZSE,深交所,主题指数,20081231,1000.0,20170615
399699.SZ,金融科技,SZSE,深交所,主题指数,20170526,3000.0,20170609
399701.SZ,深证F60,SZSE,深交所,策略指数,20021231,1000.0,20100510
399702.SZ,深证F120,SZSE,深交所,策略指数,20021231,1000.0,20100510
399703.SZ,深证F200,SZSE,深交所,策略指数,20021231,1000.0,20100510
399704.SZ,深证上游,SZSE,深交所,主题指数,20021231,1000.0,20111018
399705.SZ,深证中游,SZSE,深交所,主题指数,20021231,1000.0,20111018
399706.SZ,深证下游,SZSE,深交所,主题指数,20021231,1000.0,20111018
399707.SZ,CSSW证券,SZSE,中证公司,主题指数,19991231,1000.0,20150416
399802.SZ,500深市,SZSE,中证公司,主题指数,20041231,1000.0,20120905
399803.SZ,工业4.0,SZSE,中证公司,主题指数,20120629,1000.0,20150310
399804.SZ,中证体育,SZSE,中证公司,主题指数,20120629,1000.0,20150209
399805.SZ,互联金融,SZSE,中证公司,主题指数,20120629,1000.0,20150210
399806.SZ,环境治理,SZSE,中证公司,主题指数,20111230,1000.0,20140721
399807.SZ,高铁产业,SZSE,中证公司,主题指数,20121231,1000.0,20150120
399808.SZ,中证新能,SZSE,中证公司,主题指数,20111231,1000.0,20150210
399809.SZ,保险主题,SZSE,中证公司,主题指数,20111231,1000.0,20150213
399810.SZ,CSSW传媒,SZSE,中证公司,主题指数,20041231,1000.0,20150803
399811.SZ,CSSW电子,SZSE,中证公司,主题指数,20041231,1000.0,20150803
399812.SZ,养老产业,SZSE,中证公司,主题指数,20041231,1000.0,20140606
399813.SZ,中证国安,SZSE,中证公司,主题指数,20081231,1000.0,20150129
399814.SZ,大农业,SZSE,中证公司,主题指数,20131231,1000.0,20140722
399817.SZ,生态100,SZSE,中证公司,主题指数,20120629,1000.0,20151021
399901.SZ,小康指数,SZSE,中证公司,主题指数,20051230,1000.0,20100401
399902.SZ,中证流通,SZSE,中证公司,规模指数,20051230,1000.0,20060227
399903.SZ,中证100,SZSE,中证公司,规模指数,20051230,1000.0,20060529
399904.SZ,中证200,SZSE,中证公司,规模指数,20041231,1000.0,20070115
399905.SZ,中证500,SZSE,中证公司,规模指数,20041231,1000.0,20070115
399906.SZ,中证800,SZSE,中证公司,规模指数,20041231,1000.0,20070115
399907.SZ,中证700,SZSE,中证公司,规模指数,20041231,1000.0,20070115
399908.SZ,沪深300能源,SZSE,中证公司,一级行业指数,20041231,1000.0,20070702
399909.SZ,沪深300材料,SZSE,中证公司,一级行业指数,20041231,1000.0,20070702
399910.SZ,沪深300工业,SZSE,中证公司,一级行业指数,20041231,1000.0,20070702
399911.SZ,沪深300可选,SZSE,中证公司,一级行业指数,20041231,1000.0,20070702
399912.SZ,沪深300消费,SZSE,中证公司,一级行业指数,20041231,1000.0,20070702
399913.SZ,沪深300医药,SZSE,中证公司,一级行业指数,20041231,1000.0,20070702
399914.SZ,沪深300金融,SZSE,中证公司,一级行业指数,20041231,1000.0,20070702
399915.SZ,沪深300信息,SZSE,中证公司,一级行业指数,20041231,1000.0,20070702
399916.SZ,沪深300电信,SZSE,中证公司,一级行业指数,20041231,1000.0,20070702
399917.SZ,沪深300公用,SZSE,中证公司,一级行业指数,20041231,1000.0,20070702
399918.SZ,沪深300成长,SZSE,中证公司,成长指数,20041231,1000.0,20080121
399919.SZ,沪深300价值,SZSE,中证公司,价值指数,20041231,1000.0,20080121
399920.SZ,沪深300R成长,SZSE,中证公司,成长指数,20041231,1000.0,20080121
399921.SZ,沪深300R价值,SZSE,中证公司,价值指数,20041231,1000.0,20080121
399922.SZ,中证红利,SZSE,中证公司,主题指数,20041231,1000.0,20080526
399923.SZ,中证公司债,SZSE,中证公司,债券指数,20071231,100.0,20081119
399924.SZ,中证分离债,SZSE,中证公司,债券指数,20071231,100.0,20081119
399925.SZ,基本面50,SZSE,中证公司,策略指数,20041231,1000.0,20090226
399926.SZ,中证央企,SZSE,中证公司,主题指数,20081231,1000.0,20090330
399927.SZ,央企100,SZSE,中证公司,主题指数,20081231,1000.0,20090330
399928.SZ,中证能源,SZSE,中证公司,一级行业指数,20041231,1000.0,20090703
399929.SZ,中证材料,SZSE,中证公司,一级行业指数,20041231,1000.0,20090703
399930.SZ,中证工业,SZSE,中证公司,一级行业指数,20041231,1000.0,20090703
399931.SZ,中证可选,SZSE,中证公司,一级行业指数,20041231,1000.0,20090703
399932.SZ,中证消费,SZSE,中证公司,一级行业指数,20041231,1000.0,20090703
399933.SZ,中证医药,SZSE,中证公司,一级行业指数,20041231,1000.0,20090703
399934.SZ,中证金融,SZSE,中证公司,一级行业指数,20041231,1000.0,20090703
399935.SZ,中证信息,SZSE,中证公司,一级行业指数,20041231,1000.0,20090703
399936.SZ,中证电信,SZSE,中证公司,一级行业指数,20041231,1000.0,20090703
399937.SZ,中证公用,SZSE,中证公司,一级行业指数,20041231,1000.0,20090703
399938.SZ,中证民企,SZSE,中证公司,主题指数,20090630,1000.0,20090825
399939.SZ,民企200,SZSE,中证公司,主题指数,20090630,1000.0,20090825
399940.SZ,财富大盘,SZSE,中证公司,主题指数,20041231,1000.0,20090925
399941.SZ,新能源,SZSE,中证公司,主题指数,20081231,1000.0,20091028
399942.SZ,内地消费,SZSE,中证公司,主题指数,20041231,1000.0,20091028
399943.SZ,新基建50,SZSE,中证公司,主题指数,20041231,1000.0,20091028
399944.SZ,内地资源,SZSE,中证公司,主题指数,20041231,1000.0,20091028
399945.SZ,内地运输,SZSE,中证公司,主题指数,20041231,1000.0,20091028
399946.SZ,内地金融,SZSE,中证公司,主题指数,20041231,1000.0,20091028
399947.SZ,内地银行,SZSE,中证公司,主题指数,20041231,1000.0,20091028
399948.SZ,内地地产,SZSE,中证公司,主题指数,20041231,1000.0,20091028
399949.SZ,内地农业,SZSE,中证公司,主题指数,20041231,1000.0,20091028
399950.SZ,300基建,SZSE,中证公司,主题指数,20041231,1000.0,20091028
399951.SZ,300银行,SZSE,中证公司,二级行业指数,20041231,1000.0,20091028
399952.SZ,300地产,SZSE,中证公司,二级行业指数,20041231,1000.0,20091028
399953.SZ,中证地企,SZSE,中证公司,主题指数,20090630,1000.0,20100209
399954.SZ,地企100,SZSE,中证公司,主题指数,20090630,1000.0,20100209
399955.SZ,中证国企,SZSE,中证公司,主题指数,20090630,1000.0,20100209
399956.SZ,国企200,SZSE,中证公司,主题指数,20090630,1000.0,20100209
399957.SZ,300运输,SZSE,中证公司,二级行业指数,20041231,1000.0,20090616
399958.SZ,创业成长,SZSE,中证公司,主题指数,20091231,1000.0,20100324
399959.SZ,军工指数,SZSE,中证公司,主题指数,20110630,1000.0,20110830
399960.SZ,中证龙头,SZSE,中证公司,主题指数,20041231,1000.0,20100209
399961.SZ,中证上游,SZSE,中证公司,主题指数,20041231,1000.0,20100416
399962.SZ,中证中游,SZSE,中证公司,主题指数,20041231,1000.0,20100416
399963.SZ,中证下游,SZSE,中证公司,主题指数,20041231,1000.0,20100416
399964.SZ,中证新兴,SZSE,中证公司,主题指数,20041231,1000.0,20100430
399965.SZ,中证800地产,SZSE,中证公司,二级行业指数,20041231,1000.0,20140404
399966.SZ,中证800证保,SZSE,中证公司,主题指数,20041231,1000.0,20140404
399967.SZ,中证军工,SZSE,中证公司,主题指数,20041231,1000.0,20131226
399968.SZ,300周期,SZSE,中证公司,主题指数,20041231,1000.0,20100528
399969.SZ,300非周,SZSE,中证公司,主题指数,20041231,1000.0,20100528
399970.SZ,中证移动互联,SZSE,中证公司,主题指数,20120630,1000.0,20140505
399971.SZ,中证传媒,SZSE,中证公司,主题指数,20101231,1000.0,20140415
399972.SZ,300深市,SZSE,中证公司,主题指数,20041231,1000.0,20120621
399973.SZ,中证国防,SZSE,中证公司,主题指数,20110630,1000.0,20140415
399974.SZ,国企改革,SZSE,中证公司,主题指数,20140331,1000.0,20140807
399975.SZ,证券公司,SZSE,中证公司,四级行业指数,20070629,1000.0,20130715
399976.SZ,CS新能车,SZSE,中证公司,主题指数,20111231,1000.0,20141128
399977.SZ,内地低碳,SZSE,中证公司,主题指数,20100630,1000.0,20110121
399978.SZ,医药100,SZSE,中证公司,主题指数,20041231,1000.0,20110318
399979.SZ,大宗商品,SZSE,中证公司,主题指数,20041231,1000.0,20110822
399980.SZ,中证超大,SZSE,中证公司,规模指数,20041231,1000.0,20110510
399981.SZ,300分层,SZSE,中证公司,策略指数,20041231,1000.0,20110613
399982.SZ,500等权,SZSE,中证公司,策略指数,20041231,1000.0,20110613
399983.SZ,地产等权,SZSE,中证公司,策略指数,20041231,1000.0,20131122
399984.SZ,300等权,SZSE,中证公司,策略指数,20041231,1000.0,20110802
399985.SZ,中证全指,SZSE,中证公司,规模指数,20041231,1000.0,20110802
399986.SZ,中证银行,SZSE,中证公司,二级行业指数,20041231,1000.0,20130715
399987.SZ,中证酒,SZSE,中证公司,主题指数,20081231,1000.0,20141210
399989.SZ,中证医疗,SZSE,中证公司,主题指数,20041231,1000.0,20141031
399990.SZ,煤炭等权,SZSE,中证公司,主题指数,20081231,1000.0,20150121
399991.SZ,一带一路,SZSE,中证公司,主题指数,20121231,1000.0,20150216
399992.SZ,CSWD并购,SZSE,中证公司,主题指数,20111230,1000.0,20150508
399993.SZ,CSWD生科,SZSE,中证公司,主题指数,20091231,1000.0,20150508
399994.SZ,信息安全,SZSE,中证公司,主题指数,20101231,1000.0,20150312
399995.SZ,基建工程,SZSE,中证公司,一级行业指数,20041231,1000.0,20150312
399996.SZ,中证智能家居,SZSE,中证公司,主题指数,20120629,1000.0,20140917
399997.SZ,中证白酒,SZSE,中证公司,主题指数,20081231,1000.0,20150121
399998.SZ,中证煤炭,SZSE,中证公司,三级行业指数,20081231,1000.0,20150213
980001.SZ,湾创100,SZSE,深交所,主题指数,20170630,1000.0,20190409
980017.SZ,国证芯片,SZSE,深交所,二级行业指数,20021231,1000.0,20150217
980023.SZ,南山50,SZSE,深交所,主题指数,20121231,1000.0,20191231
B10013.SZ,深证地债,SZSE,深交所,债券指数,20151231,100.0,20190228
B10014.SZ,一般地债,SZSE,深交所,债券指数,20151231,100.0,20190228
B10015.SZ,专项地债,SZSE,深交所,债券指数,20151231,100.0,20190228
B10016.SZ,深证地债1-3,SZSE,深交所,债券指数,20151231,100.0,20190228
B10017.SZ,深证地债3-5,SZSE,深交所,债券指数,20151231,100.0,20190228
B10018.SZ,深证地债5-10,SZSE,深交所,债券指数,20151231,100.0,20190228
B20013.SZ,深证地债(净价),SZSE,深交所,债券指数,20151231,100.0,20190228
B20014.SZ,一般地债(净价),SZSE,深交所,债券指数,20151231,100.0,20190228
B20015.SZ,专项地债(净价),SZSE,深交所,债券指数,20151231,100.0,20190228
B20016.SZ,深证地债1-3(净价),SZSE,深交所,债券指数,20151231,100.0,20190228
B20017.SZ,深证地债3-5(净价),SZSE,深交所,债券指数,20151231,100.0,20190228
B20018.SZ,深证地债5-10(净价),SZSE,深交所,债券指数,20151231,100.0,20190228
B30013.SZ,深证地债(全价),SZSE,深交所,债券指数,20151231,100.0,20190228
B30014.SZ,一般地债(全价),SZSE,深交所,债券指数,20151231,100.0,20190228
B30015.SZ,专项地债(全价),SZSE,深交所,债券指数,20151231,100.0,20190228
B30016.SZ,深证地债1-3(全价),SZSE,深交所,债券指数,20151231,100.0,20190228
B30017.SZ,深证地债3-5(全价),SZSE,深交所,债券指数,20151231,100.0,20190228
B30018.SZ,深证地债5-10(全价),SZSE,深交所,债券指数,20151231,100.0,20190228
h20349.SZ,国企改革全收益,SZSE,中证公司,策略指数,20140331,1000.0,20140807
s00701.SZ,深证F60R,SZSE,深交所,策略指数,20021231,1000.0,20100510
s00702.SZ,深证F120R,SZSE,深交所,策略指数,20021231,1000.0,20100510
s00703.SZ,深证F200R,SZSE,深交所,策略指数,20021231,1000.0,20100510
s00704.SZ,深证上游R,SZSE,深交所,主题指数,20021231,1000.0,20111018
s00705.SZ,深证中游R,SZSE,深交所,主题指数,20021231,1000.0,20111018
s00706.SZ,深证下游R,SZSE,深交所,主题指数,20021231,1000.0,20111018
s00802.SZ,500深市全收益,SZSE,中证公司,主题指数,20041231,1000.0,20120905
s00959.SZ,军工指数全收益,SZSE,中证公司,主题指数,20110630,1000.0,20110830
T99901.SZ,小康指数(旧),SZSE,中证公司,主题指数,20051230,1000.0,20060109
