trade_date,ts_code,up_limit,down_limit
20120104,000007.SZ,6.91,6.25
20120105,000007.SZ,7.26,6.56
20120106,000007.SZ,6.89,6.23
20120109,000007.SZ,6.69,6.05
20120110,000007.SZ,6.95,6.29
20120111,000007.SZ,7.12,6.44
20120112,000007.SZ,7.06,6.38
20120113,000007.SZ,7.41,6.71
20120116,000007.SZ,7.41,6.71
20120117,000007.SZ,7.33,6.63
20120118,000007.SZ,7.63,6.91
20120119,000007.SZ,7.56,6.84
20120120,000007.SZ,7.5,6.78
20120130,000007.SZ,7.58,6.86
20120131,000007.SZ,7.54,6.82
20120201,000007.SZ,7.36,6.66
20120202,000007.SZ,7.33,6.63
20120203,000007.SZ,7.42,6.72
20120206,000007.SZ,7.64,6.92
20120207,000007.SZ,7.94,7.18
20120208,000007.SZ,7.77,7.03
20120209,000007.SZ,8.14,7.36
20120210,000007.SZ,8.23,7.45
20120213,000007.SZ,8.35,7.55
20120214,000007.SZ,8.54,7.72
20120215,000007.SZ,8.67,7.85
20120216,000007.SZ,9.1,8.24
20120217,000007.SZ,8.99,8.13
20120220,000007.SZ,9.08,8.22
20120221,000007.SZ,9.53,8.63
20120222,000007.SZ,9.54,8.64
20120223,000007.SZ,9.66,8.74
20120224,000007.SZ,9.45,8.55
20120227,000007.SZ,9.57,8.65
20120228,000007.SZ,9.64,8.72
20120229,000007.SZ,9.83,8.89
20120301,000007.SZ,9.64,8.72
20120302,000007.SZ,9.62,8.7
20120305,000007.SZ,9.87,8.93
20120306,000007.SZ,10.36,9.38
20120307,000007.SZ,10.76,9.74
20120308,000007.SZ,10.56,9.56
20120309,000007.SZ,11.09,10.03
20120312,000007.SZ,11.64,10.54
20120313,000007.SZ,12.17,11.01
20120314,000007.SZ,12.78,11.56
20120315,000007.SZ,12.14,10.98
20120316,000007.SZ,12.14,10.98
20120319,000007.SZ,12.48,11.3
20120320,000007.SZ,13.1,11.86
20120321,000007.SZ,12.45,11.27
20120322,000007.SZ,11.85,10.73
20120323,000007.SZ,11.95,10.81
20120326,000007.SZ,11.35,10.27
20120327,000007.SZ,11.14,10.08
20120328,000007.SZ,11.7,10.58
20120329,000007.SZ,11.53,10.43
20120330,000007.SZ,12.11,10.95
20120405,000007.SZ,12.12,10.96
20120406,000007.SZ,12.18,11.02
20120409,000007.SZ,11.79,10.67
20120410,000007.SZ,11.34,10.26
20120411,000007.SZ,11.22,10.16
20120412,000007.SZ,11.4,10.32
20120413,000007.SZ,11.67,10.55
20120416,000007.SZ,11.55,10.45
20120417,000007.SZ,11.75,10.63
20120418,000007.SZ,11.71,10.59
20120419,000007.SZ,11.82,10.7
20120420,000007.SZ,11.95,10.81
20120423,000007.SZ,11.74,10.62
20120424,000007.SZ,11.15,10.09
20120425,000007.SZ,10.95,9.91
20120426,000007.SZ,11.34,10.26
20120427,000007.SZ,11.55,10.45
20120502,000007.SZ,12.06,10.92
20120503,000007.SZ,12.66,11.46
20120504,000007.SZ,13.27,10.85
20120507,000007.SZ,14.6,11.94
20120508,000007.SZ,15.72,12.86
20120509,000007.SZ,14.81,12.11
20120510,000007.SZ,14.74,12.06
20120511,000007.SZ,15.07,12.33
20120514,000007.SZ,14.77,12.09
20120515,000007.SZ,14.6,11.94
20120516,000007.SZ,15.04,12.3
20120517,000007.SZ,16.54,13.54
20120518,000007.SZ,17.28,14.14
20120521,000007.SZ,17.63,14.43
20120522,000007.SZ,16.89,13.82
20120523,000007.SZ,17.05,13.95
20120524,000007.SZ,17.88,14.63
20120525,000007.SZ,17.85,14.61
20120528,000007.SZ,17.44,14.27
20120529,000007.SZ,17.48,14.3
20120530,000007.SZ,18.08,14.8
20120531,000007.SZ,17.96,14.7
20120601,000007.SZ,17.27,14.13
20120604,000007.SZ,17.52,14.34
20120605,000007.SZ,17.14,14.02
20120606,000007.SZ,17.15,14.03
20120607,000007.SZ,17.4,14.24
20120608,000007.SZ,16.39,13.41
20120611,000007.SZ,15.74,12.88
20120612,000007.SZ,16.63,13.61
20120613,000007.SZ,16.42,13.44
20120614,000007.SZ,17.33,14.18
20120615,000007.SZ,17.25,14.11
20120618,000007.SZ,17.55,14.36
20120619,000007.SZ,17.69,14.47
20120620,000007.SZ,17.56,14.36
20120621,000007.SZ,16.71,13.67
20120625,000007.SZ,16.54,13.54
20120626,000007.SZ,16.28,13.32
20120627,000007.SZ,16.12,13.19
20120628,000007.SZ,16.15,13.21
20120629,000007.SZ,16.15,13.21
20120702,000007.SZ,16.32,13.36
20120703,000007.SZ,16.27,13.31
20120704,000007.SZ,17.64,14.44
20120705,000007.SZ,17.77,14.54
20120706,000007.SZ,17.38,14.22
20120709,000007.SZ,17.82,14.58
20120710,000007.SZ,17.31,14.17
20120711,000007.SZ,16.59,13.57
20120712,000007.SZ,16.49,13.49
20120713,000007.SZ,16.89,13.82
20120716,000007.SZ,17.0,13.91
20120717,000007.SZ,16.12,13.19
20120718,000007.SZ,14.51,11.87
20120719,000007.SZ,15.44,12.64
20120720,000007.SZ,16.28,13.32
20120723,000007.SZ,16.47,13.47
20120724,000007.SZ,16.13,13.19
20120725,000007.SZ,16.3,13.34
20120726,000007.SZ,16.38,13.4
20120727,000007.SZ,16.98,13.9
20120730,000007.SZ,17.6,14.4
20120731,000007.SZ,17.05,13.95
20120801,000007.SZ,18.18,14.88
20120802,000007.SZ,18.84,15.42
20120803,000007.SZ,18.54,15.17
20120806,000007.SZ,18.5,15.14
20120807,000007.SZ,18.89,15.45
20120808,000007.SZ,18.55,15.17
20120809,000007.SZ,18.35,15.01
20120810,000007.SZ,18.47,15.11
20120813,000007.SZ,17.81,14.57
20120814,000007.SZ,17.85,14.61
20120815,000007.SZ,17.44,14.27
20120816,000007.SZ,17.82,14.58
20120817,000007.SZ,18.47,15.11
20120820,000007.SZ,18.56,15.18
20120821,000007.SZ,18.04,14.76
20120822,000007.SZ,18.11,14.81
20120823,000007.SZ,18.05,14.77
20120824,000007.SZ,17.97,14.71
20120827,000007.SZ,17.79,14.55
20120828,000007.SZ,17.7,14.48
20120829,000007.SZ,18.04,14.76
20120830,000007.SZ,17.36,14.2
20120831,000007.SZ,17.53,14.35
20120903,000007.SZ,17.57,14.37
20120904,000007.SZ,18.15,14.85
20120905,000007.SZ,18.11,14.81
20120906,000007.SZ,18.12,14.82
20120907,000007.SZ,18.27,14.95
20120910,000007.SZ,18.99,15.53
20120911,000007.SZ,18.91,15.47
20120912,000007.SZ,17.91,14.65
20120913,000007.SZ,17.39,14.23
20120914,000007.SZ,16.82,13.76
20120917,000007.SZ,16.93,13.85
20120918,000007.SZ,16.93,13.85
20120919,000007.SZ,16.93,13.85
20120920,000007.SZ,16.93,13.85
20120921,000007.SZ,16.93,13.85
20120924,000007.SZ,16.93,13.85
20120925,000007.SZ,16.93,13.85
20120926,000007.SZ,16.93,13.85
20120927,000007.SZ,16.93,13.85
20120928,000007.SZ,16.93,13.85
20121008,000007.SZ,16.93,13.85
20121009,000007.SZ,17.93,14.67
20121010,000007.SZ,18.08,14.8
20121011,000007.SZ,18.7,15.3
20121012,000007.SZ,18.48,15.12
20121015,000007.SZ,18.65,15.26
20121016,000007.SZ,18.41,15.07
20121017,000007.SZ,17.91,14.65
20121018,000007.SZ,17.67,14.45
20121019,000007.SZ,17.91,14.65
20121022,000007.SZ,18.0,14.72
20121023,000007.SZ,17.93,14.67
20121024,000007.SZ,17.75,14.53
20121025,000007.SZ,18.54,15.17
20121026,000007.SZ,18.12,14.82
20121029,000007.SZ,18.34,15.0
20121030,000007.SZ,17.93,14.67
20121031,000007.SZ,17.82,14.58
20121101,000007.SZ,17.69,14.47
20121102,000007.SZ,17.8,14.56
20121105,000007.SZ,17.38,14.22
20121106,000007.SZ,16.63,13.61
20121107,000007.SZ,16.94,13.86
20121108,000007.SZ,16.84,13.78
20121109,000007.SZ,16.05,13.13
20121112,000007.SZ,16.72,13.68
20121113,000007.SZ,16.61,13.59
20121114,000007.SZ,16.3,13.34
20121115,000007.SZ,16.17,13.23
20121116,000007.SZ,16.02,13.1
20121119,000007.SZ,15.08,12.34
20121120,000007.SZ,15.35,12.56
20121121,000007.SZ,15.55,12.73
20121122,000007.SZ,15.57,12.74
20121123,000007.SZ,15.32,12.54
20121126,000007.SZ,15.29,12.51
20121127,000007.SZ,14.91,12.2
20121128,000007.SZ,13.84,11.32
20121129,000007.SZ,13.51,11.05
20121130,000007.SZ,13.16,10.76
20121203,000007.SZ,13.89,11.37
20121204,000007.SZ,13.93,11.39
20121205,000007.SZ,13.86,11.34
20121206,000007.SZ,14.17,11.59
20121207,000007.SZ,13.86,11.34
20121210,000007.SZ,14.12,11.56
20121211,000007.SZ,14.45,11.83
20121212,000007.SZ,14.36,11.75
20121213,000007.SZ,14.41,11.79
20121214,000007.SZ,14.08,11.52
20121217,000007.SZ,14.62,11.96
20121218,000007.SZ,14.37,11.75
20121219,000007.SZ,13.88,11.36
20121220,000007.SZ,13.97,11.43
20121221,000007.SZ,13.95,11.41
20121224,000007.SZ,14.63,11.97
20121225,000007.SZ,15.39,12.59
20121226,000007.SZ,15.39,12.59
20121227,000007.SZ,15.4,12.6
20121228,000007.SZ,15.47,12.65
20121231,000007.SZ,15.95,13.05
20130104,000007.SZ,15.92,13.02
20130107,000007.SZ,15.71,12.85
20130108,000007.SZ,15.51,12.69
20130109,000007.SZ,16.75,13.71
20130110,000007.SZ,16.69,13.65
20130111,000007.SZ,17.78,14.54
20130114,000007.SZ,17.78,14.54
20130115,000007.SZ,17.73,14.51
20130116,000007.SZ,17.6,14.4
20130117,000007.SZ,18.59,15.21
20130118,000007.SZ,18.11,14.81
20130121,000007.SZ,18.41,15.07
20130122,000007.SZ,18.03,14.75
20130123,000007.SZ,17.64,14.44
20130124,000007.SZ,17.66,14.45
20130125,000007.SZ,16.76,13.72
20130128,000007.SZ,17.0,13.91
20130129,000007.SZ,18.48,15.12
20130130,000007.SZ,18.56,15.18
20130131,000007.SZ,18.65,15.26
20130201,000007.SZ,20.12,16.46
20130204,000007.SZ,21.63,17.69
20130205,000007.SZ,21.03,17.21
20130206,000007.SZ,21.88,17.9
20130207,000007.SZ,22.79,18.65
20130208,000007.SZ,23.51,19.23
20130218,000007.SZ,25.28,20.68
20130219,000007.SZ,25.25,20.66
20130220,000007.SZ,25.25,20.66
20130221,000007.SZ,25.25,20.66
20130222,000007.SZ,24.64,20.16
20130225,000007.SZ,25.29,20.69
20130226,000007.SZ,22.86,18.7
20130227,000007.SZ,20.63,16.88
20130228,000007.SZ,21.31,17.43
20130301,000007.SZ,21.6,17.68
20130304,000007.SZ,23.76,19.44
20130305,000007.SZ,23.76,19.44
20130306,000007.SZ,23.76,19.44
20130307,000007.SZ,23.76,19.44
20130308,000007.SZ,23.76,19.44
20130311,000007.SZ,23.76,19.44
20130312,000007.SZ,21.38,17.5
20130313,000007.SZ,20.52,16.79
20130314,000007.SZ,20.38,16.68
20130315,000007.SZ,19.5,15.96
20130318,000007.SZ,19.71,16.13
20130319,000007.SZ,21.08,17.24
20130320,000007.SZ,20.99,17.17
20130321,000007.SZ,21.18,17.33
20130322,000007.SZ,20.97,17.15
20130325,000007.SZ,19.01,15.55
20130326,000007.SZ,18.93,15.49
20130327,000007.SZ,18.7,15.3
20130328,000007.SZ,18.03,14.75
20130329,000007.SZ,17.49,14.31
20130401,000007.SZ,17.36,14.2
20130402,000007.SZ,17.89,14.63
20130403,000007.SZ,17.8,14.56
20130408,000007.SZ,17.53,14.35
20130409,000007.SZ,17.7,14.48
20130410,000007.SZ,18.04,14.76
20130411,000007.SZ,18.32,14.99
20130412,000007.SZ,18.04,14.76
20130415,000007.SZ,17.91,14.65
20130416,000007.SZ,17.06,13.96
20130417,000007.SZ,16.4,13.42
20130418,000007.SZ,16.95,13.87
20130419,000007.SZ,16.78,13.73
20130422,000007.SZ,17.16,14.04
20130423,000007.SZ,18.12,14.82
20130424,000007.SZ,18.01,14.73
20130425,000007.SZ,18.76,15.35
20130426,000007.SZ,18.65,15.26
20130502,000007.SZ,17.82,14.58
20130503,000007.SZ,17.47,14.29
20130506,000007.SZ,17.69,14.47
20130507,000007.SZ,18.36,15.02
20130508,000007.SZ,18.9,15.46
20130509,000007.SZ,18.72,15.32
20130510,000007.SZ,18.74,15.34
20130513,000007.SZ,19.03,15.57
20130514,000007.SZ,19.23,15.73
20130515,000007.SZ,19.23,15.73
20130516,000007.SZ,19.9,16.28
20130517,000007.SZ,19.93,16.31
20130520,000007.SZ,20.2,16.52
20130521,000007.SZ,20.66,16.9
20130522,000007.SZ,21.22,17.36
20130523,000007.SZ,20.67,16.91
20130524,000007.SZ,20.24,16.56
20130527,000007.SZ,19.91,16.29
20130528,000007.SZ,20.59,16.85
20130529,000007.SZ,19.02,15.56
20130530,000007.SZ,18.54,15.17
20130531,000007.SZ,18.7,15.3
20130603,000007.SZ,18.69,15.29
20130604,000007.SZ,18.3,14.98
20130605,000007.SZ,17.71,14.49
20130606,000007.SZ,17.93,14.67
20130607,000007.SZ,18.43,15.08
20130613,000007.SZ,18.13,14.83
20130614,000007.SZ,18.03,14.75
20130617,000007.SZ,18.16,14.86
20130618,000007.SZ,18.1,14.81
20130619,000007.SZ,17.59,14.39
20130620,000007.SZ,17.33,14.18
20130621,000007.SZ,16.62,13.6
20130624,000007.SZ,16.6,13.58
20130625,000007.SZ,15.18,12.42
20130626,000007.SZ,14.72,12.04
20130627,000007.SZ,14.3,11.7
20130628,000007.SZ,14.19,11.61
20130701,000007.SZ,14.58,11.93
20130702,000007.SZ,15.32,12.54
20130703,000007.SZ,15.54,12.72
20130704,000007.SZ,16.3,13.34
20130705,000007.SZ,16.17,13.23
20130708,000007.SZ,15.83,12.95
20130709,000007.SZ,15.04,12.3
20130710,000007.SZ,14.85,12.15
20130711,000007.SZ,15.68,12.83
20130712,000007.SZ,15.83,12.95
20130715,000007.SZ,15.28,12.5
20130716,000007.SZ,15.8,12.92
20130717,000007.SZ,15.81,12.93
20130718,000007.SZ,15.41,12.61
20130719,000007.SZ,15.55,12.73
20130722,000007.SZ,15.52,12.7
20130723,000007.SZ,16.5,13.5
20130724,000007.SZ,17.22,14.09
20130725,000007.SZ,17.05,13.95
20130726,000007.SZ,16.5,13.5
20130729,000007.SZ,16.35,13.37
20130730,000007.SZ,15.84,12.96
20130731,000007.SZ,15.8,12.92
20130801,000007.SZ,15.76,12.9
20130802,000007.SZ,16.06,13.14
20130805,000007.SZ,16.03,13.11
20130806,000007.SZ,16.15,13.21
20130807,000007.SZ,16.43,13.45
20130808,000007.SZ,16.25,13.29
20130809,000007.SZ,16.17,13.23
20130812,000007.SZ,16.39,13.41
20130813,000007.SZ,15.32,12.54
20130814,000007.SZ,15.22,12.46
20130815,000007.SZ,15.27,12.49
20130816,000007.SZ,14.59,11.93
20130819,000007.SZ,14.5,11.86
20130820,000007.SZ,14.76,12.08
20130821,000007.SZ,14.67,12.01
20130822,000007.SZ,14.61,11.95
20130823,000007.SZ,14.62,11.96
20130826,000007.SZ,14.69,12.02
20130827,000007.SZ,14.77,12.09
20130828,000007.SZ,14.85,12.15
20130829,000007.SZ,14.92,12.2
20130830,000007.SZ,15.85,12.97
20130902,000007.SZ,15.73,12.87
20130903,000007.SZ,15.37,12.57
20130904,000007.SZ,15.48,12.66
20130905,000007.SZ,15.38,12.58
20130906,000007.SZ,15.57,12.74
20130909,000007.SZ,15.77,12.91
20130910,000007.SZ,15.52,12.7
20130911,000007.SZ,15.57,12.74
20130912,000007.SZ,15.66,12.82
20130913,000007.SZ,15.7,12.84
20130916,000007.SZ,15.76,12.9
20130917,000007.SZ,15.99,13.09
20130918,000007.SZ,15.61,12.77
20130923,000007.SZ,15.7,12.84
20130924,000007.SZ,15.72,12.86
20130925,000007.SZ,15.84,12.96
20130926,000007.SZ,15.4,12.6
20130927,000007.SZ,14.59,11.93
20130930,000007.SZ,14.84,12.14
20131008,000007.SZ,14.75,12.07
20131009,000007.SZ,15.13,12.38
20131010,000007.SZ,15.71,12.85
20131011,000007.SZ,15.8,12.92
20131014,000007.SZ,15.82,12.94
20131015,000007.SZ,16.02,13.1
20131016,000007.SZ,16.04,13.12
20131017,000007.SZ,15.82,12.94
20131018,000007.SZ,16.17,13.23
20131021,000007.SZ,16.17,13.23
20131022,000007.SZ,16.26,13.3
20131023,000007.SZ,16.95,13.87
20131024,000007.SZ,17.04,13.94
20131025,000007.SZ,16.72,13.68
20131028,000007.SZ,16.83,13.77
20131029,000007.SZ,16.31,13.35
20131030,000007.SZ,15.95,13.05
20131031,000007.SZ,16.16,13.22
20131101,000007.SZ,16.09,13.17
20131104,000007.SZ,16.15,13.21
20131105,000007.SZ,16.08,13.16
20131106,000007.SZ,16.2,13.26
20131107,000007.SZ,16.14,13.2
20131108,000007.SZ,15.98,13.08
20131111,000007.SZ,16.06,13.14
20131112,000007.SZ,15.49,12.67
20131113,000007.SZ,15.59,12.75
20131114,000007.SZ,15.46,12.65
20131115,000007.SZ,15.46,12.65
20131118,000007.SZ,15.72,12.86
20131119,000007.SZ,15.72,12.86
20131120,000007.SZ,15.72,12.86
20131121,000007.SZ,15.62,12.78
20131122,000007.SZ,15.41,12.61
20131125,000007.SZ,15.57,12.74
20131126,000007.SZ,15.57,12.74
20131127,000007.SZ,15.55,12.73
20131128,000007.SZ,15.76,12.9
20131129,000007.SZ,15.65,12.81
20131202,000007.SZ,15.58,12.74
20131203,000007.SZ,14.69,12.02
20131204,000007.SZ,14.73,12.05
20131205,000007.SZ,15.0,12.28
20131206,000007.SZ,14.96,12.24
20131209,000007.SZ,14.93,12.21
20131210,000007.SZ,14.93,12.21
20131211,000007.SZ,15.16,12.4
20131212,000007.SZ,14.84,12.14
20131213,000007.SZ,14.94,12.22
20131216,000007.SZ,14.77,12.09
20131217,000007.SZ,14.52,11.88
20131218,000007.SZ,14.52,11.88
20131219,000007.SZ,14.37,11.75
20131220,000007.SZ,14.3,11.7
20131223,000007.SZ,14.52,11.88
20131224,000007.SZ,14.19,11.61
20131225,000007.SZ,14.3,11.7
20131226,000007.SZ,14.2,11.62
20131227,000007.SZ,14.3,11.7
20131230,000007.SZ,14.3,11.7
20131231,000007.SZ,14.47,11.84
20140102,000007.SZ,15.27,12.49
20140103,000007.SZ,15.44,12.64
20140106,000007.SZ,15.4,12.6
20140107,000007.SZ,15.44,12.64
20140108,000007.SZ,16.04,13.12
20140109,000007.SZ,16.08,13.16
20140110,000007.SZ,15.64,12.8
20140113,000007.SZ,15.57,12.74
20140114,000007.SZ,15.18,12.42
20140115,000007.SZ,15.16,12.4
20140116,000007.SZ,15.42,12.62
20140117,000007.SZ,15.31,12.53
20140120,000007.SZ,15.08,12.34
20140121,000007.SZ,15.05,12.31
20140122,000007.SZ,15.05,12.31
20140123,000007.SZ,15.17,12.41
20140124,000007.SZ,15.07,12.33
20140127,000007.SZ,15.03,12.29
20140128,000007.SZ,14.52,11.88
20140129,000007.SZ,14.44,11.82
20140130,000007.SZ,14.63,11.97
20140207,000007.SZ,14.83,12.13
20140210,000007.SZ,14.84,12.14
20140211,000007.SZ,14.96,12.24
20140212,000007.SZ,14.92,12.2
20140213,000007.SZ,14.62,11.96
20140214,000007.SZ,14.41,11.79
20140217,000007.SZ,14.54,11.9
20140218,000007.SZ,14.51,11.87
20140219,000007.SZ,14.42,11.8
20140220,000007.SZ,14.77,12.09
20140221,000007.SZ,15.1,12.36
20140224,000007.SZ,15.28,12.5
20140225,000007.SZ,15.4,12.6
20140226,000007.SZ,14.63,11.97
20140227,000007.SZ,14.61,11.95
20140228,000007.SZ,14.21,11.63
20140303,000007.SZ,14.21,11.63
20140304,000007.SZ,14.39,11.77
20140305,000007.SZ,13.86,11.34
20140306,000007.SZ,13.95,11.41
20140307,000007.SZ,13.86,11.34
20140310,000007.SZ,13.75,11.25
20140311,000007.SZ,13.63,11.15
20140312,000007.SZ,13.77,11.27
20140313,000007.SZ,13.74,11.24
20140314,000007.SZ,13.86,11.34
20140317,000007.SZ,13.85,11.33
20140318,000007.SZ,13.97,11.43
20140319,000007.SZ,14.05,11.49
20140320,000007.SZ,13.78,11.28
20140321,000007.SZ,13.43,10.99
20140324,000007.SZ,13.5,11.04
20140325,000007.SZ,13.54,11.08
20140326,000007.SZ,13.46,11.02
20140327,000007.SZ,13.56,11.1
20140328,000007.SZ,13.42,10.98
20140331,000007.SZ,13.34,10.92
20140401,000007.SZ,13.37,10.94
20140402,000007.SZ,13.33,10.91
20140403,000007.SZ,13.33,10.91
20140404,000007.SZ,13.52,11.06
20140408,000007.SZ,13.56,11.1
20140409,000007.SZ,13.73,11.23
20140410,000007.SZ,13.88,11.36
20140411,000007.SZ,13.67,11.19
20140414,000007.SZ,13.96,11.42
20140415,000007.SZ,14.4,11.78
20140416,000007.SZ,14.45,11.83
20140417,000007.SZ,14.47,11.84
20140418,000007.SZ,14.3,11.7
20140421,000007.SZ,14.08,11.52
20140422,000007.SZ,13.67,11.19
20140423,000007.SZ,13.57,11.11
20140424,000007.SZ,13.84,11.32
20140425,000007.SZ,13.61,11.13
20140428,000007.SZ,13.49,11.03
20140429,000007.SZ,13.0,10.64
20140430,000007.SZ,13.28,10.86
20140505,000007.SZ,13.29,10.87
20140506,000007.SZ,13.19,10.79
20140507,000007.SZ,13.07,10.69
20140508,000007.SZ,12.76,10.44
20140509,000007.SZ,12.65,10.35
20140512,000007.SZ,13.0,10.64
20140513,000007.SZ,13.27,10.85
20140514,000007.SZ,13.21,10.81
20140515,000007.SZ,13.13,10.75
20140516,000007.SZ,12.85,10.51
20140519,000007.SZ,12.76,10.44
20140520,000007.SZ,12.76,10.44
20140521,000007.SZ,12.83,10.49
20140522,000007.SZ,12.79,10.47
20140523,000007.SZ,12.71,10.4
20140526,000007.SZ,12.69,10.39
20140527,000007.SZ,12.66,10.36
20140528,000007.SZ,12.66,10.36
20140529,000007.SZ,12.66,10.36
20140530,000007.SZ,12.66,10.36
20140603,000007.SZ,12.66,10.36
20140604,000007.SZ,12.66,10.36
20140605,000007.SZ,12.66,10.36
20140606,000007.SZ,12.66,10.36
20140609,000007.SZ,12.66,10.36
20140610,000007.SZ,12.66,10.36
20140611,000007.SZ,12.66,10.36
20140612,000007.SZ,12.66,10.36
20140613,000007.SZ,12.66,10.36
20140616,000007.SZ,12.66,10.36
20140617,000007.SZ,12.66,10.36
20140618,000007.SZ,12.66,10.36
20140619,000007.SZ,12.66,10.36
20140620,000007.SZ,12.66,10.36
20140623,000007.SZ,12.66,10.36
20140624,000007.SZ,12.66,10.36
20140625,000007.SZ,12.66,10.36
20140626,000007.SZ,12.66,10.36
20140627,000007.SZ,12.66,10.36
20140630,000007.SZ,12.66,10.36
20140701,000007.SZ,12.66,10.36
20140702,000007.SZ,12.66,10.36
20140703,000007.SZ,12.66,10.36
20140704,000007.SZ,12.66,10.36
20140707,000007.SZ,12.66,10.36
20140708,000007.SZ,12.66,10.36
20140709,000007.SZ,12.66,10.36
20140710,000007.SZ,12.66,10.36
20140711,000007.SZ,12.66,10.36
20140714,000007.SZ,12.66,10.36
20140715,000007.SZ,12.66,10.36
20140716,000007.SZ,12.66,10.36
20140717,000007.SZ,12.66,10.36
20140718,000007.SZ,12.66,10.36
20140721,000007.SZ,12.66,10.36
20140722,000007.SZ,12.66,10.36
20140723,000007.SZ,12.66,10.36
20140724,000007.SZ,12.66,10.36
20140725,000007.SZ,12.66,10.36
20140728,000007.SZ,12.66,10.36
20140729,000007.SZ,12.66,10.36
20140730,000007.SZ,12.66,10.36
20140731,000007.SZ,12.66,10.36
20140801,000007.SZ,12.66,10.36
20140804,000007.SZ,12.66,10.36
20140805,000007.SZ,12.66,10.36
20140806,000007.SZ,12.66,10.36
20140807,000007.SZ,12.66,10.36
20140808,000007.SZ,12.66,10.36
20140811,000007.SZ,12.66,10.36
20140812,000007.SZ,12.66,10.36
20140813,000007.SZ,12.66,10.36
20140814,000007.SZ,12.66,10.36
20140815,000007.SZ,12.66,10.36
20140818,000007.SZ,12.66,10.36
20140819,000007.SZ,12.66,10.36
20140820,000007.SZ,12.66,10.36
20140821,000007.SZ,12.66,10.36
20140822,000007.SZ,12.66,10.36
20140825,000007.SZ,12.66,10.36
20140826,000007.SZ,12.66,10.36
20140827,000007.SZ,12.66,10.36
20140828,000007.SZ,12.66,10.36
20140829,000007.SZ,12.66,10.36
20140901,000007.SZ,12.66,10.36
20140902,000007.SZ,12.66,10.36
20140903,000007.SZ,12.66,10.36
20140904,000007.SZ,12.66,10.36
20140905,000007.SZ,12.66,10.36
20140909,000007.SZ,13.93,11.39
20140910,000007.SZ,15.32,12.54
20140911,000007.SZ,16.85,13.79
20140912,000007.SZ,18.54,15.17
20140915,000007.SZ,20.26,16.58
20140916,000007.SZ,19.34,15.82
20140917,000007.SZ,19.56,16.0
20140918,000007.SZ,18.8,15.38
20140919,000007.SZ,18.81,15.39
20140922,000007.SZ,19.53,15.98
20140923,000007.SZ,19.25,15.75
20140924,000007.SZ,19.69,16.11
20140925,000007.SZ,19.79,16.19
20140926,000007.SZ,19.61,16.05
20140929,000007.SZ,19.37,15.85
20140930,000007.SZ,19.24,15.74
20141008,000007.SZ,18.3,14.98
20141009,000007.SZ,19.03,15.57
20141010,000007.SZ,19.07,15.61
20141013,000007.SZ,19.17,15.69
20141014,000007.SZ,19.02,15.56
20141015,000007.SZ,18.87,15.44
20141016,000007.SZ,18.54,15.17
20141017,000007.SZ,18.16,14.86
20141020,000007.SZ,17.69,14.47
20141021,000007.SZ,17.96,14.7
20141022,000007.SZ,18.25,14.93
20141023,000007.SZ,17.49,14.31
20141024,000007.SZ,17.49,14.31
20141027,000007.SZ,18.33,14.99
20141028,000007.SZ,18.11,14.81
20141029,000007.SZ,18.4,15.06
20141030,000007.SZ,18.99,15.53
20141031,000007.SZ,18.57,15.19
20141103,000007.SZ,18.76,15.35
20141104,000007.SZ,18.59,15.21
20141105,000007.SZ,18.38,15.04
20141106,000007.SZ,19.0,15.54
20141107,000007.SZ,19.23,15.73
20141110,000007.SZ,18.62,15.24
20141111,000007.SZ,18.72,15.32
20141112,000007.SZ,18.1,14.81
20141113,000007.SZ,18.05,14.77
20141114,000007.SZ,18.26,14.94
20141117,000007.SZ,17.93,14.67
20141118,000007.SZ,18.0,14.72
20141119,000007.SZ,17.9,14.64
20141120,000007.SZ,18.0,14.72
20141121,000007.SZ,17.9,14.64
20141124,000007.SZ,17.99,14.72
20141125,000007.SZ,17.8,14.56
20141126,000007.SZ,17.86,14.62
20141127,000007.SZ,17.74,14.52
20141128,000007.SZ,17.55,14.36
20141201,000007.SZ,17.95,14.69
20141202,000007.SZ,17.69,14.47
20141203,000007.SZ,17.64,14.44
20141204,000007.SZ,17.35,14.19
20141205,000007.SZ,17.36,14.2
20141208,000007.SZ,16.61,13.59
20141209,000007.SZ,16.43,13.45
20141210,000007.SZ,15.52,12.7
20141211,000007.SZ,15.94,13.04
20141212,000007.SZ,16.06,13.14
20141215,000007.SZ,16.78,13.73
20141216,000007.SZ,16.87,13.81
20141217,000007.SZ,16.72,13.68
20141218,000007.SZ,16.2,13.26
20141219,000007.SZ,16.15,13.21
20141222,000007.SZ,15.73,12.87
20141223,000007.SZ,14.5,11.86
20141224,000007.SZ,14.28,11.68
20141225,000007.SZ,14.84,12.14
20141226,000007.SZ,14.87,12.17
20141229,000007.SZ,14.96,12.24
20141230,000007.SZ,14.97,12.25
20141231,000007.SZ,14.73,12.05
20150105,000007.SZ,16.06,13.14
20150106,000007.SZ,15.97,13.07
20150107,000007.SZ,15.7,12.84
20150108,000007.SZ,16.05,13.13
20150109,000007.SZ,16.04,13.12
20150112,000007.SZ,15.95,13.05
20150113,000007.SZ,15.82,12.94
20150114,000007.SZ,16.45,13.46
20150115,000007.SZ,16.14,13.2
20150116,000007.SZ,16.05,13.13
20150119,000007.SZ,15.96,13.06
20150120,000007.SZ,15.41,12.61
20150121,000007.SZ,15.92,13.02
20150122,000007.SZ,16.15,13.21
20150123,000007.SZ,16.72,13.68
20150126,000007.SZ,16.34,13.37
20150127,000007.SZ,16.06,13.14
20150128,000007.SZ,16.17,13.23
20150129,000007.SZ,16.14,13.2
20150130,000007.SZ,16.09,13.17
20150202,000007.SZ,15.91,13.01
20150203,000007.SZ,15.95,13.05
20150204,000007.SZ,15.6,12.76
20150205,000007.SZ,15.43,12.63
20150206,000007.SZ,15.24,12.47
20150209,000007.SZ,13.72,11.22
20150210,000007.SZ,13.77,11.27
20150211,000007.SZ,13.31,10.89
20150212,000007.SZ,13.5,11.04
20150213,000007.SZ,13.43,10.99
20150216,000007.SZ,13.76,11.26
20150217,000007.SZ,14.12,11.56
20150225,000007.SZ,14.12,11.56
20150226,000007.SZ,13.88,11.36
20150227,000007.SZ,14.09,11.53
20150302,000007.SZ,14.5,11.86
20150303,000007.SZ,14.64,11.98
20150304,000007.SZ,14.48,11.84
20150305,000007.SZ,14.65,11.99
20150306,000007.SZ,14.65,11.99
20150309,000007.SZ,15.77,12.91
20150310,000007.SZ,17.14,14.02
20150311,000007.SZ,17.07,13.97
20150312,000007.SZ,18.04,14.76
20150313,000007.SZ,17.55,14.36
20150316,000007.SZ,16.94,13.86
20150317,000007.SZ,17.62,14.42
20150318,000007.SZ,18.19,14.89
20150319,000007.SZ,18.37,15.03
20150320,000007.SZ,18.16,14.86
20150323,000007.SZ,18.3,14.98
20150324,000007.SZ,18.44,15.08
20150325,000007.SZ,18.04,14.76
20150326,000007.SZ,19.0,15.54
20150327,000007.SZ,20.19,16.52
20150330,000007.SZ,20.32,16.62
20150331,000007.SZ,20.58,16.84
20150401,000007.SZ,21.07,17.24
20150402,000007.SZ,21.77,17.81
20150403,000007.SZ,21.89,17.91
20150407,000007.SZ,23.08,18.88
20150408,000007.SZ,22.63,18.51
20150409,000007.SZ,23.98,19.62
20150410,000007.SZ,24.07,19.69
20150413,000007.SZ,24.0,19.64
20150414,000007.SZ,23.54,19.26
20150415,000007.SZ,22.84,18.68
20150416,000007.SZ,23.13,18.93
20150417,000007.SZ,23.25,19.03
20150420,000007.SZ,23.3,19.06
20150421,000007.SZ,22.47,18.39
20150422,000007.SZ,22.68,18.56
20150423,000007.SZ,23.56,19.28
20150424,000007.SZ,24.59,20.12
20150427,000007.SZ,26.29,21.51
20150428,000007.SZ,26.86,21.98
20150429,000007.SZ,26.29,21.51
20150430,000007.SZ,26.4,21.6
20150504,000007.SZ,29.04,23.76
20150505,000007.SZ,28.6,23.4
20150506,000007.SZ,29.63,24.25
20150507,000007.SZ,28.25,23.11
20150508,000007.SZ,26.05,21.31
20150511,000007.SZ,26.88,22.0
20150512,000007.SZ,26.96,22.06
20150513,000007.SZ,26.64,21.8
20150514,000007.SZ,27.72,22.68
20150515,000007.SZ,27.86,22.8
20150518,000007.SZ,30.03,24.57
20150519,000007.SZ,31.19,25.52
20150520,000007.SZ,31.86,26.06
20150521,000007.SZ,32.09,26.25
20150522,000007.SZ,32.09,26.25
20150525,000007.SZ,32.09,26.25
20150526,000007.SZ,32.09,26.25
20150527,000007.SZ,32.09,26.25
20150528,000007.SZ,32.09,26.25
20150529,000007.SZ,32.09,26.25
20150601,000007.SZ,32.09,26.25
20150602,000007.SZ,32.09,26.25
20150603,000007.SZ,32.09,26.25
20150604,000007.SZ,32.09,26.25
20150605,000007.SZ,32.09,26.25
20150608,000007.SZ,32.09,26.25
20150609,000007.SZ,32.09,26.25
20150610,000007.SZ,32.09,26.25
20150611,000007.SZ,32.09,26.25
20150612,000007.SZ,32.09,26.25
20150615,000007.SZ,32.09,26.25
20150616,000007.SZ,32.09,26.25
20150617,000007.SZ,32.09,26.25
20150618,000007.SZ,32.09,26.25
20150619,000007.SZ,32.09,26.25
20150623,000007.SZ,32.09,26.25
20150624,000007.SZ,32.09,26.25
20150625,000007.SZ,32.09,26.25
20150626,000007.SZ,32.09,26.25
20150629,000007.SZ,32.09,26.25
20150630,000007.SZ,32.09,26.25
20150701,000007.SZ,32.09,26.25
20150702,000007.SZ,32.09,26.25
20150703,000007.SZ,32.09,26.25
20150706,000007.SZ,32.09,26.25
20150707,000007.SZ,32.09,26.25
20150708,000007.SZ,32.09,26.25
20150709,000007.SZ,32.09,26.25
20150710,000007.SZ,32.09,26.25
20150713,000007.SZ,32.09,26.25
20150714,000007.SZ,32.09,26.25
20150715,000007.SZ,32.09,26.25
20150716,000007.SZ,32.09,26.25
20150717,000007.SZ,32.09,26.25
20150720,000007.SZ,32.09,26.25
20150721,000007.SZ,32.09,26.25
20150722,000007.SZ,32.09,26.25
20150723,000007.SZ,32.09,26.25
20150724,000007.SZ,32.09,26.25
20150727,000007.SZ,32.09,26.25
20150728,000007.SZ,32.09,26.25
20150729,000007.SZ,32.09,26.25
20150730,000007.SZ,32.09,26.25
20150731,000007.SZ,32.09,26.25
20150803,000007.SZ,32.09,26.25
20150804,000007.SZ,32.09,26.25
20150805,000007.SZ,32.09,26.25
20150806,000007.SZ,32.09,26.25
20150807,000007.SZ,32.09,26.25
20150810,000007.SZ,32.09,26.25
20150811,000007.SZ,32.09,26.25
20150812,000007.SZ,32.09,26.25
20150813,000007.SZ,32.09,26.25
20150814,000007.SZ,32.09,26.25
20150817,000007.SZ,32.09,26.25
20150818,000007.SZ,32.09,26.25
20150819,000007.SZ,32.09,26.25
20150820,000007.SZ,32.09,26.25
20150821,000007.SZ,32.09,26.25
20150824,000007.SZ,32.09,26.25
20150825,000007.SZ,32.09,26.25
20150826,000007.SZ,32.09,26.25
20150827,000007.SZ,32.09,26.25
20150828,000007.SZ,32.09,26.25
20150831,000007.SZ,32.09,26.25
20150901,000007.SZ,32.09,26.25
20150902,000007.SZ,32.09,26.25
20150907,000007.SZ,32.09,26.25
20150908,000007.SZ,32.09,26.25
20150909,000007.SZ,32.09,26.25
20150910,000007.SZ,32.09,26.25
20150911,000007.SZ,32.09,26.25
20150914,000007.SZ,32.09,26.25
20150915,000007.SZ,32.09,26.25
20150916,000007.SZ,32.09,26.25
20150917,000007.SZ,32.09,26.25
20150918,000007.SZ,32.09,26.25
20150921,000007.SZ,32.09,26.25
20150922,000007.SZ,32.09,26.25
20150923,000007.SZ,32.09,26.25
20150924,000007.SZ,32.09,26.25
20150925,000007.SZ,32.09,26.25
20150928,000007.SZ,32.09,26.25
20150929,000007.SZ,32.09,26.25
20150930,000007.SZ,32.09,26.25
20151008,000007.SZ,32.09,26.25
20151009,000007.SZ,32.09,26.25
20151012,000007.SZ,32.09,26.25
20151013,000007.SZ,32.09,26.25
20151014,000007.SZ,32.09,26.25
20151015,000007.SZ,32.09,26.25
20151016,000007.SZ,32.09,26.25
20151019,000007.SZ,32.09,26.25
20151020,000007.SZ,32.09,26.25
20151021,000007.SZ,32.09,26.25
20151022,000007.SZ,32.09,26.25
20151023,000007.SZ,32.09,26.25
20151026,000007.SZ,32.09,26.25
20151027,000007.SZ,32.09,26.25
20151028,000007.SZ,32.09,26.25
20151029,000007.SZ,32.09,26.25
20151030,000007.SZ,32.09,26.25
20151102,000007.SZ,32.09,26.25
20151103,000007.SZ,32.09,26.25
20151104,000007.SZ,32.09,26.25
20151105,000007.SZ,32.09,26.25
20151106,000007.SZ,32.09,26.25
20151109,000007.SZ,32.09,26.25
20151110,000007.SZ,32.09,26.25
20151111,000007.SZ,32.09,26.25
20151112,000007.SZ,32.09,26.25
20151113,000007.SZ,32.09,26.25
20151116,000007.SZ,32.09,26.25
20151117,000007.SZ,32.09,26.25
20151118,000007.SZ,32.09,26.25
20151119,000007.SZ,32.09,26.25
20151120,000007.SZ,32.09,26.25
20151123,000007.SZ,32.09,26.25
20151124,000007.SZ,28.88,23.63
20151125,000007.SZ,25.99,21.27
20151126,000007.SZ,26.61,21.77
20151127,000007.SZ,24.85,20.33
20151130,000007.SZ,23.43,19.17
20151201,000007.SZ,24.02,19.66
20151202,000007.SZ,23.01,18.83
20151203,000007.SZ,21.51,17.6
20151204,000007.SZ,22.5,18.41
20151207,000007.SZ,23.1,18.9
20151208,000007.SZ,25.41,20.79
20151209,000007.SZ,24.07,19.69
20151210,000007.SZ,23.38,19.13
20151211,000007.SZ,22.78,18.64
20151214,000007.SZ,23.83,19.49
20151215,000007.SZ,23.91,19.57
20151216,000007.SZ,24.13,19.75
20151217,000007.SZ,23.41,19.15
20151218,000007.SZ,23.87,19.53
20151221,000007.SZ,24.46,20.02
20151222,000007.SZ,24.65,20.17
20151223,000007.SZ,24.7,20.21
20151224,000007.SZ,26.17,21.41
20151225,000007.SZ,26.17,21.41
20151228,000007.SZ,26.17,21.41
20151229,000007.SZ,26.17,21.41
20151230,000007.SZ,26.17,21.41
20151231,000007.SZ,26.17,21.41
20160104,000007.SZ,26.17,21.41
20160105,000007.SZ,26.17,21.41
20160106,000007.SZ,26.17,21.41
20160107,000007.SZ,26.17,21.41
20160108,000007.SZ,26.17,21.41
20160111,000007.SZ,26.17,21.41
20160112,000007.SZ,26.17,21.41
20160113,000007.SZ,26.17,21.41
20160114,000007.SZ,26.17,21.41
20160115,000007.SZ,26.17,21.41
20160118,000007.SZ,26.17,21.41
20160119,000007.SZ,26.17,21.41
20160120,000007.SZ,26.17,21.41
20160121,000007.SZ,26.17,21.41
20160122,000007.SZ,26.17,21.41
20160125,000007.SZ,26.17,21.41
20160126,000007.SZ,26.17,21.41
20160127,000007.SZ,26.17,21.41
20160128,000007.SZ,26.17,21.41
20160129,000007.SZ,26.17,21.41
20160201,000007.SZ,26.17,21.41
20160202,000007.SZ,26.17,21.41
20160203,000007.SZ,26.17,21.41
20160204,000007.SZ,26.17,21.41
20160205,000007.SZ,26.17,21.41
20160215,000007.SZ,26.17,21.41
20160216,000007.SZ,26.17,21.41
20160217,000007.SZ,26.17,21.41
20160218,000007.SZ,26.17,21.41
20160219,000007.SZ,26.17,21.41
20160222,000007.SZ,26.17,21.41
20160223,000007.SZ,26.17,21.41
20160224,000007.SZ,26.17,21.41
20160225,000007.SZ,26.17,21.41
20160226,000007.SZ,26.17,21.41
20160229,000007.SZ,26.17,21.41
20160301,000007.SZ,26.17,21.41
20160302,000007.SZ,26.17,21.41
20160303,000007.SZ,26.17,21.41
20160304,000007.SZ,26.17,21.41
20160307,000007.SZ,26.17,21.41
20160308,000007.SZ,26.17,21.41
20160309,000007.SZ,26.17,21.41
20160310,000007.SZ,26.17,21.41
20160311,000007.SZ,26.17,21.41
20160314,000007.SZ,26.17,21.41
20160315,000007.SZ,26.17,21.41
20160316,000007.SZ,26.17,21.41
20160317,000007.SZ,26.17,21.41
20160318,000007.SZ,26.17,21.41
20160321,000007.SZ,26.17,21.41
20160322,000007.SZ,26.17,21.41
20160323,000007.SZ,26.17,21.41
20160324,000007.SZ,26.17,21.41
20160325,000007.SZ,26.17,21.41
20160328,000007.SZ,26.17,21.41
20160329,000007.SZ,26.17,21.41
20160330,000007.SZ,26.17,21.41
20160331,000007.SZ,26.17,21.41
20160401,000007.SZ,26.17,21.41
20160405,000007.SZ,26.17,21.41
20160406,000007.SZ,26.17,21.41
20160407,000007.SZ,26.17,21.41
20160408,000007.SZ,26.17,21.41
20160411,000007.SZ,26.17,21.41
20160412,000007.SZ,26.17,21.41
20160413,000007.SZ,26.17,21.41
20160414,000007.SZ,26.17,21.41
20160415,000007.SZ,26.17,21.41
20160418,000007.SZ,26.17,21.41
20160419,000007.SZ,26.17,21.41
20160420,000007.SZ,26.17,21.41
20160421,000007.SZ,26.17,21.41
20160422,000007.SZ,26.17,21.41
20160425,000007.SZ,26.17,21.41
20160426,000007.SZ,26.17,21.41
20160427,000007.SZ,26.17,21.41
20160428,000007.SZ,26.17,21.41
20160429,000007.SZ,26.17,21.41
20160503,000007.SZ,26.17,21.41
20160504,000007.SZ,26.17,21.41
20160505,000007.SZ,26.17,21.41
20160506,000007.SZ,26.17,21.41
20160509,000007.SZ,26.17,21.41
20160510,000007.SZ,26.17,21.41
20160511,000007.SZ,26.17,21.41
20160512,000007.SZ,26.17,21.41
20160513,000007.SZ,26.17,21.41
20160516,000007.SZ,26.17,21.41
20160517,000007.SZ,26.17,21.41
20160518,000007.SZ,26.17,21.41
20160519,000007.SZ,26.17,21.41
20160520,000007.SZ,26.17,21.41
20160523,000007.SZ,26.17,21.41
20160524,000007.SZ,26.17,21.41
20160525,000007.SZ,26.17,21.41
20160526,000007.SZ,26.17,21.41
20160527,000007.SZ,26.17,21.41
20160530,000007.SZ,26.17,21.41
20160531,000007.SZ,26.17,21.41
20160601,000007.SZ,26.17,21.41
20160602,000007.SZ,26.17,21.41
20160603,000007.SZ,26.17,21.41
20160606,000007.SZ,26.17,21.41
20160607,000007.SZ,26.17,21.41
20160608,000007.SZ,26.17,21.41
20160613,000007.SZ,26.17,21.41
20160614,000007.SZ,26.17,21.41
20160615,000007.SZ,26.17,21.41
20160616,000007.SZ,26.17,21.41
20160617,000007.SZ,26.17,21.41
20160620,000007.SZ,26.17,21.41
20160621,000007.SZ,26.17,21.41
20160622,000007.SZ,26.17,21.41
20160623,000007.SZ,26.17,21.41
20160624,000007.SZ,26.17,21.41
20160627,000007.SZ,26.17,21.41
20160628,000007.SZ,26.17,21.41
20160629,000007.SZ,26.17,21.41
20160630,000007.SZ,26.17,21.41
20160701,000007.SZ,26.17,21.41
20160704,000007.SZ,26.17,21.41
20160705,000007.SZ,26.17,21.41
20160706,000007.SZ,26.17,21.41
20160707,000007.SZ,26.17,21.41
20160708,000007.SZ,26.17,21.41
20160711,000007.SZ,26.17,21.41
20160712,000007.SZ,26.17,21.41
20160713,000007.SZ,26.17,21.41
20160714,000007.SZ,26.17,21.41
20160715,000007.SZ,26.17,21.41
20160718,000007.SZ,23.55,19.27
20160719,000007.SZ,21.2,17.34
20160720,000007.SZ,19.73,16.15
20160721,000007.SZ,19.75,16.16
20160722,000007.SZ,19.36,15.84
20160725,000007.SZ,18.77,15.35
20160726,000007.SZ,19.22,15.72
20160727,000007.SZ,19.29,15.79
20160728,000007.SZ,17.89,14.63
20160729,000007.SZ,17.55,14.36
20160801,000007.SZ,19.31,15.8
20160802,000007.SZ,20.99,17.17
20160803,000007.SZ,20.56,16.82
20160804,000007.SZ,21.07,17.24
20160805,000007.SZ,20.65,16.89
20160808,000007.SZ,19.81,16.21
20160809,000007.SZ,20.01,16.37
20160810,000007.SZ,19.81,16.21
20160811,000007.SZ,20.48,16.76
20160812,000007.SZ,19.81,16.21
20160815,000007.SZ,19.99,16.35
20160816,000007.SZ,20.22,16.54
20160817,000007.SZ,21.07,17.24
20160818,000007.SZ,20.68,16.92
20160819,000007.SZ,22.17,18.14
20160822,000007.SZ,22.45,18.37
20160823,000007.SZ,23.54,19.26
20160824,000007.SZ,24.32,19.9
20160825,000007.SZ,24.07,19.69
20160826,000007.SZ,24.33,19.91
20160829,000007.SZ,23.78,19.46
20160830,000007.SZ,23.31,19.07
20160831,000007.SZ,23.34,19.1
20160901,000007.SZ,24.64,20.16
20160902,000007.SZ,24.05,19.67
20160905,000007.SZ,24.29,19.87
20160906,000007.SZ,23.95,19.59
20160907,000007.SZ,24.59,20.12
20160908,000007.SZ,24.28,19.86
20160909,000007.SZ,23.94,19.58
20160912,000007.SZ,24.0,19.64
20160913,000007.SZ,23.79,19.47
20160914,000007.SZ,23.55,19.27
20160919,000007.SZ,22.99,18.81
20160920,000007.SZ,23.38,19.13
20160921,000007.SZ,25.72,21.04
20160922,000007.SZ,25.94,21.22
20160923,000007.SZ,25.53,20.89
20160926,000007.SZ,25.99,21.27
20160927,000007.SZ,27.5,22.5
20160928,000007.SZ,26.59,21.75
20160929,000007.SZ,26.7,21.84
20160930,000007.SZ,26.26,21.48
20161010,000007.SZ,26.75,21.89
20161011,000007.SZ,28.81,23.57
20161012,000007.SZ,28.46,23.28
20161013,000007.SZ,28.88,23.63
20161014,000007.SZ,28.53,23.35
20161017,000007.SZ,28.67,23.45
20161018,000007.SZ,28.63,23.43
20161019,000007.SZ,28.72,23.5
20161020,000007.SZ,28.56,23.36
20161021,000007.SZ,28.67,23.45
20161024,000007.SZ,28.29,23.15
20161025,000007.SZ,28.68,23.46
20161026,000007.SZ,28.37,23.21
20161027,000007.SZ,28.48,23.3
20161028,000007.SZ,28.66,23.45
20161031,000007.SZ,28.73,23.51
20161101,000007.SZ,28.4,23.24
20161102,000007.SZ,28.57,23.37
20161103,000007.SZ,28.53,23.35
20161104,000007.SZ,29.52,24.16
20161107,000007.SZ,29.8,24.38
20161108,000007.SZ,30.69,25.11
20161109,000007.SZ,30.94,25.32
20161110,000007.SZ,30.02,24.56
20161111,000007.SZ,29.9,24.46
20161114,000007.SZ,29.24,23.92
20161115,000007.SZ,29.1,23.81
20161116,000007.SZ,29.04,23.76
20161117,000007.SZ,29.82,24.4
20161118,000007.SZ,29.16,23.86
20161121,000007.SZ,29.29,23.97
20161122,000007.SZ,29.03,23.75
20161123,000007.SZ,29.02,23.74
20161124,000007.SZ,29.33,23.99
20161125,000007.SZ,28.91,23.65
20161128,000007.SZ,28.3,23.16
20161129,000007.SZ,28.14,23.02
20161130,000007.SZ,27.67,22.64
20161201,000007.SZ,28.04,22.94
20161202,000007.SZ,27.87,22.81
20161205,000007.SZ,27.67,22.64
20161206,000007.SZ,27.59,22.57
20161207,000007.SZ,28.44,23.27
20161208,000007.SZ,29.1,23.81
20161209,000007.SZ,28.91,23.65
20161212,000007.SZ,28.48,23.3
20161213,000007.SZ,27.34,22.37
20161214,000007.SZ,26.93,22.03
20161215,000007.SZ,26.72,21.86
20161216,000007.SZ,27.15,22.21
20161219,000007.SZ,27.49,22.49
20161220,000007.SZ,27.84,22.78
20161221,000007.SZ,28.34,23.18
20161222,000007.SZ,28.02,22.92
20161223,000007.SZ,27.68,22.64
20161226,000007.SZ,27.16,22.22
20161227,000007.SZ,27.8,22.74
20161228,000007.SZ,28.0,22.91
20161229,000007.SZ,28.04,22.94
20161230,000007.SZ,28.0,22.91
20170103,000007.SZ,28.19,23.07
20170104,000007.SZ,28.71,23.49
20170105,000007.SZ,29.12,23.82
20170106,000007.SZ,28.86,23.62
20170109,000007.SZ,28.0,22.91
20170110,000007.SZ,27.6,22.58
20170111,000007.SZ,27.27,22.31
20170112,000007.SZ,27.34,22.37
20170113,000007.SZ,27.07,22.15
20170116,000007.SZ,26.19,21.43
20170117,000007.SZ,26.19,21.43
20170118,000007.SZ,26.19,21.43
20170119,000007.SZ,26.19,21.43
20170120,000007.SZ,26.19,21.43
20170123,000007.SZ,26.19,21.43
20170124,000007.SZ,26.19,21.43
20170125,000007.SZ,26.19,21.43
20170126,000007.SZ,26.19,21.43
20170203,000007.SZ,26.19,21.43
20170206,000007.SZ,26.19,21.43
20170207,000007.SZ,26.19,21.43
20170208,000007.SZ,26.19,21.43
20170209,000007.SZ,26.19,21.43
20170210,000007.SZ,26.19,21.43
20170213,000007.SZ,26.19,21.43
20170214,000007.SZ,26.19,21.43
20170215,000007.SZ,26.19,21.43
20170216,000007.SZ,26.19,21.43
20170217,000007.SZ,26.19,21.43
20170220,000007.SZ,26.19,21.43
20170221,000007.SZ,26.19,21.43
20170222,000007.SZ,26.19,21.43
20170223,000007.SZ,26.19,21.43
20170224,000007.SZ,26.19,21.43
20170227,000007.SZ,26.19,21.43
20170228,000007.SZ,26.19,21.43
20170301,000007.SZ,26.19,21.43
20170302,000007.SZ,26.19,21.43
20170303,000007.SZ,26.19,21.43
20170306,000007.SZ,26.19,21.43
20170307,000007.SZ,26.19,21.43
20170308,000007.SZ,26.19,21.43
20170309,000007.SZ,26.19,21.43
20170310,000007.SZ,26.19,21.43
20170313,000007.SZ,26.19,21.43
20170314,000007.SZ,26.19,21.43
20170315,000007.SZ,26.19,21.43
20170316,000007.SZ,26.19,21.43
20170317,000007.SZ,26.19,21.43
20170320,000007.SZ,26.19,21.43
20170321,000007.SZ,26.19,21.43
20170322,000007.SZ,26.19,21.43
20170323,000007.SZ,26.19,21.43
20170324,000007.SZ,26.19,21.43
20170327,000007.SZ,26.19,21.43
20170328,000007.SZ,26.19,21.43
20170329,000007.SZ,26.19,21.43
20170330,000007.SZ,26.19,21.43
20170331,000007.SZ,26.19,21.43
20170405,000007.SZ,26.19,21.43
20170406,000007.SZ,26.19,21.43
20170407,000007.SZ,26.19,21.43
20170410,000007.SZ,26.19,21.43
20170411,000007.SZ,26.19,21.43
20170412,000007.SZ,26.19,21.43
20170413,000007.SZ,26.19,21.43
20170414,000007.SZ,26.19,21.43
20170417,000007.SZ,26.19,21.43
20170418,000007.SZ,26.19,21.43
20170419,000007.SZ,26.19,21.43
20170420,000007.SZ,26.19,21.43
20170421,000007.SZ,26.19,21.43
20170424,000007.SZ,26.19,21.43
20170425,000007.SZ,26.19,21.43
20170426,000007.SZ,26.19,21.43
20170427,000007.SZ,26.19,21.43
20170428,000007.SZ,26.19,21.43
20170502,000007.SZ,26.19,21.43
20170503,000007.SZ,26.19,21.43
20170504,000007.SZ,26.19,21.43
20170505,000007.SZ,26.19,21.43
20170508,000007.SZ,26.19,21.43
20170509,000007.SZ,26.19,21.43
20170510,000007.SZ,26.19,21.43
20170511,000007.SZ,26.19,21.43
20170512,000007.SZ,26.19,21.43
20170515,000007.SZ,26.19,21.43
20170516,000007.SZ,26.19,21.43
20170517,000007.SZ,26.19,21.43
20170518,000007.SZ,26.19,21.43
20170519,000007.SZ,26.19,21.43
20170522,000007.SZ,17.46,14.28
20170523,000007.SZ,17.46,14.28
20170524,000007.SZ,17.46,14.28
20170525,000007.SZ,17.46,14.28
20170526,000007.SZ,17.46,14.28
20170531,000007.SZ,17.46,14.28
20170601,000007.SZ,17.46,14.28
20170602,000007.SZ,17.46,14.28
20170605,000007.SZ,17.46,14.28
20170606,000007.SZ,17.46,14.28
20170607,000007.SZ,17.46,14.28
20170608,000007.SZ,17.46,14.28
20170609,000007.SZ,17.46,14.28
20170612,000007.SZ,17.46,14.28
20170613,000007.SZ,17.46,14.28
20170614,000007.SZ,17.46,14.28
20170615,000007.SZ,17.46,14.28
20170616,000007.SZ,17.46,14.28
20170619,000007.SZ,17.46,14.28
20170620,000007.SZ,17.46,14.28
20170621,000007.SZ,17.46,14.28
20170622,000007.SZ,17.46,14.28
20170623,000007.SZ,17.46,14.28
20170626,000007.SZ,17.46,14.28
20170627,000007.SZ,17.46,14.28
20170628,000007.SZ,17.46,14.28
20170629,000007.SZ,17.46,14.28
20170630,000007.SZ,17.46,14.28
20170703,000007.SZ,17.46,14.28
20170704,000007.SZ,17.46,14.28
20170705,000007.SZ,17.46,14.28
20170706,000007.SZ,17.46,14.28
20170707,000007.SZ,17.46,14.28
20170710,000007.SZ,17.46,14.28
20170711,000007.SZ,17.46,14.28
20170712,000007.SZ,17.46,14.28
20170713,000007.SZ,17.46,14.28
20170714,000007.SZ,17.46,14.28
20170717,000007.SZ,17.46,14.28
20170718,000007.SZ,15.71,12.85
20170719,000007.SZ,16.06,13.14
20170720,000007.SZ,15.96,13.06
20170721,000007.SZ,16.05,13.13
20170724,000007.SZ,17.66,14.45
20170725,000007.SZ,18.26,14.94
20170726,000007.SZ,18.28,14.96
20170727,000007.SZ,18.67,15.27
20170728,000007.SZ,18.36,15.02
20170731,000007.SZ,17.81,14.57
20170801,000007.SZ,18.45,15.09
20170802,000007.SZ,19.11,15.63
20170803,000007.SZ,18.62,15.24
20170804,000007.SZ,18.88,15.44
20170807,000007.SZ,18.87,15.44
20170808,000007.SZ,18.57,15.19
20170809,000007.SZ,18.9,15.46
20170810,000007.SZ,18.6,15.22
20170811,000007.SZ,18.28,14.96
20170814,000007.SZ,18.37,15.03
20170815,000007.SZ,18.37,15.03
20170816,000007.SZ,18.32,14.99
20170817,000007.SZ,17.75,14.53
20170818,000007.SZ,17.66,14.45
20170821,000007.SZ,17.4,14.24
20170822,000007.SZ,17.46,14.28
20170823,000007.SZ,17.6,14.4
20170824,000007.SZ,17.59,14.39
20170825,000007.SZ,17.73,14.51
20170828,000007.SZ,17.53,14.35
20170829,000007.SZ,17.14,14.02
20170830,000007.SZ,17.29,14.15
20170831,000007.SZ,17.55,14.36
20170901,000007.SZ,17.29,14.15
20170904,000007.SZ,17.05,13.95
20170905,000007.SZ,17.22,14.09
20170906,000007.SZ,17.19,14.07
20170907,000007.SZ,17.11,14.0
20170908,000007.SZ,16.74,13.7
20170911,000007.SZ,17.03,13.93
20170912,000007.SZ,16.83,13.77
20170913,000007.SZ,17.23,14.09
20170914,000007.SZ,17.15,14.03
20170915,000007.SZ,17.13,14.01
20170918,000007.SZ,16.96,13.88
20170919,000007.SZ,17.14,14.02
20170920,000007.SZ,17.4,14.24
20170921,000007.SZ,17.29,14.15
20170922,000007.SZ,17.04,13.94
20170925,000007.SZ,17.06,13.96
20170926,000007.SZ,16.83,13.77
20170927,000007.SZ,17.89,14.63
20170928,000007.SZ,18.28,14.96
20170929,000007.SZ,18.26,14.94
20171009,000007.SZ,18.33,14.99
20171010,000007.SZ,18.33,14.99
20171011,000007.SZ,18.33,14.99
20171012,000007.SZ,18.33,14.99
20171013,000007.SZ,18.33,14.99
20171016,000007.SZ,18.33,14.99
20171017,000007.SZ,18.33,14.99
20171018,000007.SZ,18.33,14.99
20171019,000007.SZ,18.33,14.99
20171020,000007.SZ,18.33,14.99
20171023,000007.SZ,18.33,14.99
20171024,000007.SZ,18.33,14.99
20171025,000007.SZ,18.33,14.99
20171026,000007.SZ,18.33,14.99
20171027,000007.SZ,18.33,14.99
20171030,000007.SZ,18.33,14.99
20171031,000007.SZ,18.33,14.99
20171101,000007.SZ,18.33,14.99
20171102,000007.SZ,18.33,14.99
20171103,000007.SZ,18.33,14.99
20171106,000007.SZ,18.33,14.99
20171107,000007.SZ,18.33,14.99
20171108,000007.SZ,18.33,14.99
20171109,000007.SZ,18.33,14.99
20171110,000007.SZ,18.33,14.99
20171113,000007.SZ,18.33,14.99
20171114,000007.SZ,18.33,14.99
20171115,000007.SZ,18.33,14.99
20171116,000007.SZ,18.33,14.99
20171117,000007.SZ,18.33,14.99
20171120,000007.SZ,18.33,14.99
20171121,000007.SZ,18.33,14.99
20171122,000007.SZ,18.33,14.99
20171123,000007.SZ,18.33,14.99
20171124,000007.SZ,18.33,14.99
20171127,000007.SZ,18.33,14.99
20171128,000007.SZ,18.33,14.99
20171129,000007.SZ,18.33,14.99
20171130,000007.SZ,18.33,14.99
20171201,000007.SZ,18.33,14.99
20171204,000007.SZ,18.33,14.99
20171205,000007.SZ,18.33,14.99
20171206,000007.SZ,18.33,14.99
20171207,000007.SZ,18.33,14.99
20171208,000007.SZ,18.33,14.99
20171211,000007.SZ,18.33,14.99
20171212,000007.SZ,18.33,14.99
20171213,000007.SZ,18.33,14.99
20171214,000007.SZ,18.33,14.99
20171215,000007.SZ,18.33,14.99
20171218,000007.SZ,18.33,14.99
20171219,000007.SZ,18.33,14.99
20171220,000007.SZ,18.33,14.99
20171221,000007.SZ,18.33,14.99
20171222,000007.SZ,18.33,14.99
20171225,000007.SZ,18.33,14.99
20171226,000007.SZ,18.33,14.99
20171227,000007.SZ,18.33,14.99
20171228,000007.SZ,18.33,14.99
20171229,000007.SZ,18.33,14.99
20180102,000007.SZ,18.33,14.99
20180103,000007.SZ,18.33,14.99
20180104,000007.SZ,18.33,14.99
20180105,000007.SZ,18.33,14.99
20180108,000007.SZ,18.33,14.99
20180109,000007.SZ,18.33,14.99
20180110,000007.SZ,18.33,14.99
20180111,000007.SZ,18.33,14.99
20180112,000007.SZ,18.33,14.99
20180115,000007.SZ,18.33,14.99
20180116,000007.SZ,18.33,14.99
20180117,000007.SZ,18.33,14.99
20180118,000007.SZ,18.33,14.99
20180119,000007.SZ,18.33,14.99
20180122,000007.SZ,18.33,14.99
20180123,000007.SZ,18.33,14.99
20180124,000007.SZ,18.33,14.99
20180125,000007.SZ,18.33,14.99
20180126,000007.SZ,18.33,14.99
20180129,000007.SZ,18.33,14.99
20180130,000007.SZ,18.33,14.99
20180131,000007.SZ,18.33,14.99
20180201,000007.SZ,18.33,14.99
20180202,000007.SZ,18.33,14.99
20180205,000007.SZ,18.33,14.99
20180206,000007.SZ,18.33,14.99
20180207,000007.SZ,18.33,14.99
20180208,000007.SZ,18.33,14.99
20180209,000007.SZ,18.33,14.99
20180212,000007.SZ,18.33,14.99
20180213,000007.SZ,18.33,14.99
20180214,000007.SZ,18.33,14.99
20180222,000007.SZ,18.33,14.99
20180223,000007.SZ,18.33,14.99
20180226,000007.SZ,18.33,14.99
20180227,000007.SZ,18.33,14.99
20180228,000007.SZ,18.33,14.99
20180301,000007.SZ,18.33,14.99
20180302,000007.SZ,18.33,14.99
20180305,000007.SZ,18.33,14.99
20180306,000007.SZ,18.33,14.99
20180307,000007.SZ,18.33,14.99
20180308,000007.SZ,18.33,14.99
20180309,000007.SZ,18.33,14.99
20180312,000007.SZ,16.9,13.82
20180313,000007.SZ,16.39,13.41
20180314,000007.SZ,16.2,13.26
20180315,000007.SZ,15.29,12.51
20180316,000007.SZ,14.98,12.26
20180319,000007.SZ,15.79,12.92
20180320,000007.SZ,16.03,13.11
20180321,000007.SZ,15.41,12.61
20180322,000007.SZ,15.44,12.64
20180323,000007.SZ,15.82,12.94
20180326,000007.SZ,14.96,12.24
20180327,000007.SZ,14.87,12.17
20180328,000007.SZ,15.76,12.9
20180329,000007.SZ,15.64,12.8
20180330,000007.SZ,15.81,12.93
20180402,000007.SZ,15.76,12.9
20180403,000007.SZ,15.63,12.79
20180404,000007.SZ,16.04,13.12
20180409,000007.SZ,15.69,12.83
20180410,000007.SZ,15.35,12.56
20180411,000007.SZ,15.55,12.73
20180412,000007.SZ,15.54,12.72
20180413,000007.SZ,15.44,12.64
20180416,000007.SZ,15.38,12.58
20180417,000007.SZ,15.39,12.59
20180418,000007.SZ,15.28,12.5
20180419,000007.SZ,15.16,12.4
20180420,000007.SZ,14.97,12.25
20180423,000007.SZ,14.96,12.24
20180424,000007.SZ,14.98,12.26
20180425,000007.SZ,15.08,12.34
20180426,000007.SZ,14.97,12.25
20180427,000007.SZ,14.93,12.21
20180502,000007.SZ,14.95,12.23
20180503,000007.SZ,15.17,12.41
20180504,000007.SZ,15.05,12.31
20180507,000007.SZ,15.05,12.31
20180508,000007.SZ,15.0,12.28
20180509,000007.SZ,15.24,12.47
20180510,000007.SZ,15.08,12.34
20180511,000007.SZ,14.96,12.24
20180514,000007.SZ,14.84,12.14
20180515,000007.SZ,14.82,12.12
20180516,000007.SZ,14.74,12.06
20180517,000007.SZ,14.63,11.97
20180518,000007.SZ,14.58,11.93
20180521,000007.SZ,14.63,11.97
20180522,000007.SZ,14.6,11.94
20180523,000007.SZ,14.64,11.98
20180524,000007.SZ,14.63,11.97
20180525,000007.SZ,15.19,12.43
20180528,000007.SZ,14.99,12.27
20180529,000007.SZ,14.83,12.13
20180530,000007.SZ,14.82,12.12
20180531,000007.SZ,15.09,12.35
20180601,000007.SZ,14.99,12.27
20180604,000007.SZ,14.63,11.97
20180605,000007.SZ,15.18,12.42
20180606,000007.SZ,15.28,12.5
20180607,000007.SZ,15.29,12.51
20180608,000007.SZ,15.22,12.46
20180611,000007.SZ,15.18,12.42
20180612,000007.SZ,15.15,12.39
20180613,000007.SZ,15.11,12.37
20180614,000007.SZ,15.03,12.29
20180615,000007.SZ,15.03,12.29
20180619,000007.SZ,15.03,12.29
20180620,000007.SZ,15.03,12.29
20180621,000007.SZ,15.03,12.29
20180622,000007.SZ,15.03,12.29
20180625,000007.SZ,15.03,12.29
20180626,000007.SZ,15.03,12.29
20180627,000007.SZ,15.03,12.29
20180628,000007.SZ,15.03,12.29
20180629,000007.SZ,15.03,12.29
20180702,000007.SZ,14.73,12.05
20180703,000007.SZ,14.59,11.93
20180704,000007.SZ,14.75,12.07
20180705,000007.SZ,14.72,12.04
20180706,000007.SZ,14.61,11.95
20180709,000007.SZ,14.75,12.07
20180710,000007.SZ,14.89,12.19
20180711,000007.SZ,15.29,12.51
20180712,000007.SZ,14.87,12.17
20180713,000007.SZ,14.91,12.2
20180716,000007.SZ,15.73,12.87
20180717,000007.SZ,15.36,12.56
20180718,000007.SZ,15.46,12.65
20180719,000007.SZ,16.23,13.28
20180720,000007.SZ,15.31,12.53
20180723,000007.SZ,14.78,12.1
20180724,000007.SZ,14.76,12.08
20180725,000007.SZ,14.72,12.04
20180726,000007.SZ,14.7,12.02
20180727,000007.SZ,14.61,11.95
20180730,000007.SZ,15.3,12.52
20180731,000007.SZ,14.71,12.03
20180801,000007.SZ,14.74,12.06
20180802,000007.SZ,14.41,11.79
20180803,000007.SZ,14.14,11.57
20180806,000007.SZ,14.25,11.66
20180807,000007.SZ,13.71,11.21
20180808,000007.SZ,14.36,11.75
20180809,000007.SZ,14.04,11.48
20180810,000007.SZ,14.48,11.84
20180813,000007.SZ,14.66,12.0
20180814,000007.SZ,14.49,11.85
20180815,000007.SZ,14.54,11.9
20180816,000007.SZ,14.21,11.63
20180817,000007.SZ,14.34,11.74
20180820,000007.SZ,14.21,11.63
20180821,000007.SZ,14.2,11.62
20180822,000007.SZ,14.17,11.59
20180823,000007.SZ,14.06,11.5
20180824,000007.SZ,14.09,11.53
20180827,000007.SZ,14.07,11.51
20180828,000007.SZ,13.95,11.41
20180829,000007.SZ,14.0,11.46
20180830,000007.SZ,13.85,11.33
20180831,000007.SZ,13.44,11.0
20180903,000007.SZ,13.45,11.01
20180904,000007.SZ,13.86,11.34
20180905,000007.SZ,13.85,11.33
20180906,000007.SZ,13.83,11.31
20180907,000007.SZ,13.78,11.28
20180910,000007.SZ,13.57,11.11
20180911,000007.SZ,13.31,10.89
20180912,000007.SZ,13.57,11.11
20180913,000007.SZ,13.61,11.13
20180914,000007.SZ,13.56,11.1
20180917,000007.SZ,13.55,11.09
20180918,000007.SZ,13.49,11.03
20180919,000007.SZ,13.55,11.09
20180920,000007.SZ,13.44,11.0
20180921,000007.SZ,13.3,10.88
20180925,000007.SZ,13.12,10.74
20180926,000007.SZ,11.81,9.67
20180927,000007.SZ,10.64,8.7
20180928,000007.SZ,9.57,7.83
20181008,000007.SZ,8.61,7.05
20181009,000007.SZ,7.76,6.35
20181010,000007.SZ,7.55,6.17
20181011,000007.SZ,6.79,5.55
20181012,000007.SZ,6.11,5.0
20181015,000007.SZ,6.36,5.2
20181016,000007.SZ,7.0,5.72
20181017,000007.SZ,6.53,5.35
20181018,000007.SZ,6.36,5.2
20181019,000007.SZ,7.0,5.72
20181022,000007.SZ,7.7,6.3
20181023,000007.SZ,8.47,6.93
20181024,000007.SZ,9.32,7.62
20181025,000007.SZ,9.28,7.6
20181026,000007.SZ,8.38,6.86
20181029,000007.SZ,8.47,6.93
20181030,000007.SZ,7.62,6.24
20181031,000007.SZ,7.74,6.34
20181101,000007.SZ,7.98,6.53
20181102,000007.SZ,7.88,6.44
20181105,000007.SZ,7.89,6.45
20181106,000007.SZ,8.4,6.88
20181107,000007.SZ,7.73,6.33
20181108,000007.SZ,7.73,6.33
20181109,000007.SZ,8.05,6.59
20181112,000007.SZ,8.02,6.56
20181113,000007.SZ,8.34,6.82
20181114,000007.SZ,9.17,7.51
20181115,000007.SZ,8.8,7.2
20181116,000007.SZ,8.75,7.16
20181119,000007.SZ,8.99,7.35
20181120,000007.SZ,8.97,7.34
20181121,000007.SZ,9.05,7.41
20181122,000007.SZ,9.96,8.15
20181123,000007.SZ,10.96,8.96
20181126,000007.SZ,10.56,8.64
20181127,000007.SZ,9.5,7.78
20181128,000007.SZ,9.08,7.43
20181129,000007.SZ,8.91,7.29
20181130,000007.SZ,8.15,6.67
20181203,000007.SZ,7.87,6.44
20181204,000007.SZ,8.13,6.65
20181205,000007.SZ,8.94,7.32
20181206,000007.SZ,8.69,7.11
20181207,000007.SZ,9.21,7.53
20181210,000007.SZ,8.8,7.2
20181211,000007.SZ,8.32,6.8
20181212,000007.SZ,9.15,7.49
20181213,000007.SZ,9.09,7.43
20181214,000007.SZ,9.39,7.69
20181217,000007.SZ,8.91,7.29
20181218,000007.SZ,9.45,7.73
20181219,000007.SZ,10.1,8.26
20181220,000007.SZ,9.71,7.95
20181221,000007.SZ,9.6,7.86
20181224,000007.SZ,9.21,7.53
20181225,000007.SZ,9.39,7.69
20181226,000007.SZ,9.42,7.7
20181227,000007.SZ,9.57,7.83
20181228,000007.SZ,8.99,7.35
20190102,000007.SZ,8.87,7.25
20190103,000007.SZ,8.93,7.31
20190104,000007.SZ,8.61,7.05
20190107,000007.SZ,8.8,7.2
20190108,000007.SZ,8.87,7.25
20190109,000007.SZ,8.64,7.07
20190110,000007.SZ,8.92,7.3
20190111,000007.SZ,8.66,7.08
20190114,000007.SZ,8.51,6.97
20190115,000007.SZ,7.93,6.49
20190116,000007.SZ,7.84,6.42
20190117,000007.SZ,7.83,6.41
20190118,000007.SZ,7.57,6.19
20190121,000007.SZ,7.29,5.97
20190122,000007.SZ,7.6,6.22
20190123,000007.SZ,7.48,6.12
20190124,000007.SZ,7.34,6.0
20190125,000007.SZ,7.19,5.89
20190128,000007.SZ,6.85,5.61
20190129,000007.SZ,6.17,5.05
20190130,000007.SZ,5.56,4.55
20190131,000007.SZ,5.5,4.5
20190201,000007.SZ,5.28,4.32
20190211,000007.SZ,5.72,4.68
20190212,000007.SZ,5.87,4.81
20190213,000007.SZ,5.98,4.9
20190214,000007.SZ,6.2,5.08
20190215,000007.SZ,6.15,5.03
20190218,000007.SZ,6.13,5.01
20190219,000007.SZ,6.5,5.32
20190220,000007.SZ,6.68,5.46
20190221,000007.SZ,6.82,5.58
20190222,000007.SZ,6.71,5.49
20190225,000007.SZ,7.19,5.89
20190226,000007.SZ,7.85,6.43
20190227,000007.SZ,7.61,6.23
20190228,000007.SZ,7.63,6.25
20190301,000007.SZ,7.56,6.18
20190304,000007.SZ,7.6,6.22
20190305,000007.SZ,7.73,6.33
20190306,000007.SZ,8.26,6.76
20190307,000007.SZ,8.28,6.78
20190308,000007.SZ,8.48,6.94
20190311,000007.SZ,7.63,6.25
20190312,000007.SZ,7.93,6.49
20190313,000007.SZ,8.11,6.63
20190314,000007.SZ,8.44,6.9
20190315,000007.SZ,7.77,6.35
20190318,000007.SZ,8.55,6.99
20190319,000007.SZ,8.71,7.13
20190320,000007.SZ,9.25,7.57
20190321,000007.SZ,9.09,7.43
20190322,000007.SZ,9.04,7.4
20190325,000007.SZ,8.79,7.19
20190326,000007.SZ,8.46,6.92
20190327,000007.SZ,8.01,6.55
20190328,000007.SZ,8.03,6.57
20190329,000007.SZ,7.73,6.33
20190401,000007.SZ,7.98,6.53
20190402,000007.SZ,8.28,6.78
20190403,000007.SZ,8.37,6.85
20190404,000007.SZ,8.45,6.91
20190408,000007.SZ,8.33,6.81
20190409,000007.SZ,8.04,6.58
20190410,000007.SZ,8.2,6.71
20190411,000007.SZ,8.22,6.72
20190412,000007.SZ,8.12,6.64
20190415,000007.SZ,7.81,6.39
20190416,000007.SZ,7.77,6.35
20190417,000007.SZ,7.96,6.52
20190418,000007.SZ,7.96,6.52
20190419,000007.SZ,7.88,6.44
20190422,000007.SZ,7.83,6.41
20190423,000007.SZ,8.05,6.59
20190424,000007.SZ,7.79,6.37
20190425,000007.SZ,7.81,6.39
20190426,000007.SZ,7.15,5.85
20190429,000007.SZ,6.85,5.61
20190430,000007.SZ,6.95,5.69
20190506,000007.SZ,6.93,5.67
20190507,000007.SZ,6.55,5.36
20190508,000007.SZ,6.72,5.5
20190509,000007.SZ,6.71,5.49
20190510,000007.SZ,6.68,5.46
20190513,000007.SZ,6.84,5.6
20190514,000007.SZ,7.28,5.96
20190515,000007.SZ,7.43,6.08
20190516,000007.SZ,7.46,6.1
20190517,000007.SZ,7.32,5.99
20190520,000007.SZ,7.01,5.73
20190521,000007.SZ,7.13,5.83
20190522,000007.SZ,7.27,5.95
20190523,000007.SZ,7.57,6.19
20190524,000007.SZ,7.36,6.02
20190527,000007.SZ,7.61,6.23
20190528,000007.SZ,7.99,6.53
20190529,000007.SZ,7.79,6.37
20190530,000007.SZ,7.85,6.43
20190531,000007.SZ,7.84,6.42
20190603,000007.SZ,7.85,6.43
20190604,000007.SZ,7.71,6.31
20190605,000007.SZ,7.51,6.15
20190606,000007.SZ,7.55,6.17
20190610,000007.SZ,7.54,6.17
20190611,000007.SZ,7.16,5.86
20190612,000007.SZ,7.66,6.26
20190613,000007.SZ,8.0,6.54
20190614,000007.SZ,7.85,6.43
20190617,000007.SZ,7.69,6.29
20190618,000007.SZ,7.9,6.46
20190619,000007.SZ,7.67,6.27
20190620,000007.SZ,7.83,6.41
20190621,000007.SZ,7.78,6.36
20190624,000007.SZ,7.83,6.41
20190625,000007.SZ,7.74,6.34
20190626,000007.SZ,7.74,6.34
20190627,000007.SZ,7.69,6.29
20190628,000007.SZ,7.67,6.27
20190701,000007.SZ,7.51,6.15
20190702,000007.SZ,7.7,6.3
20190703,000007.SZ,7.65,6.26
20190704,000007.SZ,7.56,6.18
20190705,000007.SZ,7.5,6.14
20190708,000007.SZ,7.34,6.0
20190709,000007.SZ,7.24,5.92
20190710,000007.SZ,7.04,5.76
20190711,000007.SZ,6.95,5.69
20190712,000007.SZ,6.95,5.69
20190715,000007.SZ,6.91,5.65
20190716,000007.SZ,7.11,5.81
20190717,000007.SZ,7.25,5.93
20190718,000007.SZ,7.26,5.94
20190719,000007.SZ,7.29,5.97
20190722,000007.SZ,7.08,5.8
20190723,000007.SZ,6.99,5.72
20190724,000007.SZ,7.02,5.74
20190725,000007.SZ,7.35,6.01
20190726,000007.SZ,7.23,5.91
20190729,000007.SZ,7.23,5.91
20190730,000007.SZ,7.21,5.9
20190731,000007.SZ,7.22,5.9
20190801,000007.SZ,7.28,5.96
20190802,000007.SZ,7.29,5.97
20190805,000007.SZ,7.23,5.91
20190806,000007.SZ,7.45,6.09
20190807,000007.SZ,7.58,6.2
20190808,000007.SZ,7.81,6.39
20190809,000007.SZ,7.81,6.39
20190812,000007.SZ,7.8,6.38
20190813,000007.SZ,7.81,6.39
20190814,000007.SZ,7.91,6.47
20190815,000007.SZ,7.73,6.33
20190816,000007.SZ,7.93,6.49
20190819,000007.SZ,8.1,6.62
20190820,000007.SZ,8.46,6.92
20190821,000007.SZ,8.29,6.79
20190822,000007.SZ,8.44,6.9
20190823,000007.SZ,8.43,6.89
20190826,000007.SZ,9.27,7.59
20190827,000007.SZ,10.2,8.34
20190828,000007.SZ,11.22,9.18
20190829,000007.SZ,10.1,8.26
20190830,000007.SZ,9.46,7.74
20190902,000007.SZ,8.8,7.2
20190903,000007.SZ,8.76,7.16
20190904,000007.SZ,8.94,7.32
20190905,000007.SZ,8.83,7.23
20190906,000007.SZ,8.92,7.3
20190909,000007.SZ,8.89,7.27
20190910,000007.SZ,8.99,7.35
20190911,000007.SZ,8.83,7.23
20190912,000007.SZ,8.75,7.16
20190916,000007.SZ,8.82,7.22
20190917,000007.SZ,8.88,7.26
20190918,000007.SZ,8.8,7.2
20190919,000007.SZ,8.78,7.18
20190920,000007.SZ,8.91,7.29
20190923,000007.SZ,8.88,7.26
20190924,000007.SZ,8.9,7.28
20190925,000007.SZ,8.9,7.28
20190926,000007.SZ,9.45,7.73
20190927,000007.SZ,9.49,7.77
20190930,000007.SZ,9.31,7.61
20191008,000007.SZ,9.22,7.54
20191009,000007.SZ,9.31,7.61
20191010,000007.SZ,9.33,7.63
20191011,000007.SZ,9.8,8.02
20191014,000007.SZ,10.56,8.64
20191015,000007.SZ,10.45,8.55
20191016,000007.SZ,10.6,8.68
20191017,000007.SZ,10.18,8.33
20191018,000007.SZ,10.31,8.43
20191021,000007.SZ,10.22,8.36
20191022,000007.SZ,10.3,8.42
20191023,000007.SZ,10.15,8.31
20191024,000007.SZ,10.1,8.26
20191025,000007.SZ,9.82,8.04
20191028,000007.SZ,9.96,8.15
20191029,000007.SZ,9.99,8.17
20191030,000007.SZ,9.96,8.15
20191031,000007.SZ,9.89,8.09
20191101,000007.SZ,9.85,8.06
20191104,000007.SZ,9.86,8.06
20191105,000007.SZ,9.81,8.03
20191106,000007.SZ,9.91,8.11
20191107,000007.SZ,9.97,8.15
20191108,000007.SZ,9.93,8.13
20191111,000007.SZ,9.85,8.06
20191112,000007.SZ,9.78,8.0
20191113,000007.SZ,10.05,8.23
20191114,000007.SZ,11.06,9.05
20191115,000007.SZ,12.17,9.95
20191118,000007.SZ,12.03,9.85
20191119,000007.SZ,12.3,10.06
20191120,000007.SZ,12.19,9.97
20191121,000007.SZ,11.84,9.68
20191122,000007.SZ,11.42,9.34
20191125,000007.SZ,11.4,9.32
20191126,000007.SZ,10.96,8.96
20191127,000007.SZ,11.25,9.21
20191128,000007.SZ,11.06,9.05
20191129,000007.SZ,11.0,9.0
20191202,000007.SZ,11.01,9.01
20191203,000007.SZ,10.75,8.79
20191204,000007.SZ,10.75,8.79
20191205,000007.SZ,10.7,8.76
20191206,000007.SZ,10.67,8.73
20191209,000007.SZ,10.56,8.64
20191210,000007.SZ,11.62,9.5
20191211,000007.SZ,11.55,9.45
20191212,000007.SZ,11.21,9.17
20191213,000007.SZ,11.07,9.05
20191216,000007.SZ,11.1,9.08
20191217,000007.SZ,11.11,9.09
20191218,000007.SZ,11.01,9.01
20191219,000007.SZ,11.13,9.11
20191220,000007.SZ,10.95,8.96
20191223,000007.SZ,10.78,8.82
20191224,000007.SZ,10.82,8.86
20191225,000007.SZ,10.75,8.79
20191226,000007.SZ,10.52,8.6
